annette_bening,american_beauty,carolyn_burnham,Annette,Bening,annette_beningamerican_beautycarolyn_burnham
thora_birch,american_beauty,jane_burnham,Thora,Birch,thora_birchamerican_beautyjane_burnham
mena_suvari,american_beauty,angela_hayes,Mena,Suvari,mena_suvariamerican_beautyangela_hayes
allison_janney,american_beauty,barbara_fitts,Allison,Janney,allison_janneyamerican_beautybarbara_fitts
ara_celi,american_beauty,sale_house_woman_1,Ara,Celi,ara_celiamerican_beautysale_house_woman_1
sue_casey,american_beauty,sale_house_woman_2,Sue,Casey,sue_caseyamerican_beautysale_house_woman_2
brenda_wehle,american_beauty,sale_house_woman_4,Brenda,Wehle,brenda_wehleamerican_beautysale_house_woman_4
lisa_cloud,american_beauty,sale_house_woman_5,Lisa,Cloud,lisa_cloudamerican_beautysale_house_woman_5
alison_faulk,american_beauty,spartanette_1,Alison,Faulk,alison_faulkamerican_beautyspartanette_1
krista_goodsitt,american_beauty,spartanette_2,Krista,Goodsitt,krista_goodsittamerican_beautyspartanette_2
lily_houtkin,american_beauty,spartanette_3,Lily,Houtkin,lily_houtkinamerican_beautyspartanette_3
carolina_lancaster,american_beauty,spartanette_4,Carolina,Lancaster,carolina_lancasteramerican_beautyspartanette_4
romana_leah,american_beauty,spartanette_5,Romana,Leah,romana_leahamerican_beautyspartanette_5
chekeshka_van_putten,american_beauty,spartanette_6,Chekeshka,Putten,chekeshka_van_puttenamerican_beautyspartanette_6
emily_zachary,american_beauty,spartanette_7,Emily,Zachary,emily_zacharyamerican_beautyspartanette_7
nancy_anderson,american_beauty,spartanette_8,Nancy,Anderson,nancy_andersonamerican_beautyspartanette_8
reshma_gajjar,american_beauty,spartanette_9,Reshma,Gajjar,reshma_gajjaramerican_beautyspartanette_9
stephanie_rizzo,american_beauty,spartanette_10,Stephanie,Rizzo,stephanie_rizzoamerican_beautyspartanette_10
heather_joy_sher,american_beauty,playground_girl_1,Heather,Sher,heather_joy_sheramerican_beautyplayground_girl_1
chelsea_hertford,american_beauty,playground_girl_2,Chelsea,Hertford,chelsea_hertfordamerican_beautyplayground_girl_2
amber_smith,american_beauty,christy_kane,Amber,Smith,amber_smithamerican_beautychristy_kane
marissa_jaret_winokur,american_beauty,mr_smiley_s_counter_girl,Marissa,Winokur,marissa_jaret_winokuramerican_beautymr_smiley_s_counter_girl
erin_cathryn_strubbe,american_beauty,young_jane_burnham,Erin,Strubbe,erin_cathryn_strubbeamerican_beautyyoung_jane_burnham
elaine_corral_kendall,american_beauty,newscaster,Elaine,Kendall,elaine_corral_kendallamerican_beautynewscaster
sally_kirkland,anna,anna,Sally,Kirkland,sally_kirklandannaanna
paulina_porizkova,anna,krystyna,Paulina,Porizkova,paulina_porizkovaannakrystyna
julianne_gilliam,anna,woman_author,Julianne,Gilliam,julianne_gilliamannawoman_author
deirdre_o_connell,anna,assistant_2,Deirdre,O'Connell,deirdre_o_connellannaassistant_2
ruth_maleczech,anna,woman_1_woman_named_gloria,Ruth,Maleczech,ruth_maleczechannawoman_1_woman_named_gloria
holly_villaire,anna,woman_2_woman_with_bird,Holly,Villaire,holly_villaireannawoman_2_woman_with_bird
shirl_bernheim,anna,woman_3_woman_in_white_veil,Shirl,Bernheim,shirl_bernheimannawoman_3_woman_in_white_veil
ren_e_coleman,anna,woman_4_woman_in_bonnet,Ren,Coleman,ren_e_colemanannawoman_4_woman_in_bonnet
gabriela_farrar,anna,woman_5_woman_in_black,Gabriela,Farrar,gabriela_farrarannawoman_5_woman_in_black
jordana_levine,anna,woman_6_woman_in_turban,Jordana,Levine,jordana_levineannawoman_6_woman_in_turban
rosalie_traina,anna,woman_7_woman_in_gold,Rosalie,Traina,rosalie_trainaannawoman_7_woman_in_gold
maggie_wagner,anna,actress_d,Maggie,Wagner,maggie_wagnerannaactress_d
mimi_weddell,anna,agent_s_secretary,Mimi,Weddell,mimi_weddellannaagent_s_secretary
lola_pashalinski,anna,producer,Lola,Pashalinski,lola_pashalinskiannaproducer
geena_goodwin,anna,daniel_s_mother,Geena,Goodwin,geena_goodwinannadaniel_s_mother
caroline_aaron,anna,interviewer,Caroline,Aaron,caroline_aaronannainterviewer
sofia_coppola,anna,noodle,Sofia,Coppola,sofia_coppolaannanoodle
nina_port,anna,dancing_dishwasher,Nina,Port,nina_portannadancing_dishwasher
sean_young,blade_runner,rachael,Sean,Young,sean_youngblade_runnerrachael
daryl_hannah,blade_runner,pris,Daryl,Hannah,daryl_hannahblade_runnerpris
joanna_cassidy,blade_runner,zhora,Joanna,Cassidy,joanna_cassidyblade_runnerzhora
hy_pyke,blade_runner,taffey_lewis,Hy,Pyke,hy_pykeblade_runnertaffey_lewis
judy_davis,barton_fink,audrey_taylor,Judy,Davis,judy_davisbarton_finkaudrey_taylor
meagen_fay,barton_fink,poppy_carnahan,Meagen,Fay,meagen_faybarton_finkpoppy_carnahan
gayle_vance,barton_fink,geisler_s_secretary,Gayle,Vance,gayle_vancebarton_finkgeisler_s_secretary
jana_marie_hupp,barton_fink,uso_girl,Jana,Hupp,jana_marie_huppbarton_finkuso_girl
isabelle_townsend,barton_fink,beauty,Isabelle,Townsend,isabelle_townsendbarton_finkbeauty
julianne_moore,the_big_lebowski,maude_lebowski,Julianne,Moore,julianne_moorethe_big_lebowskimaude_lebowski
tara_reid,the_big_lebowski,bunny_lebowski,Tara,Reid,tara_reidthe_big_lebowskibunny_lebowski
lu_elrod,the_big_lebowski,coffee_shop_waitress,Lu,Elrod,lu_elrodthe_big_lebowskicoffee_shop_waitress
irene_olga_l_pez,the_big_lebowski,pilar_sellers_housekeeper,Irene,Pez,irene_olga_l_pezthe_big_lebowskipilar_sellers_housekeeper
aimee_mann,the_big_lebowski,nihilist_woman,Aimee,Mann,aimee_mannthe_big_lebowskinihilist_woman
jennifer_lamb,the_big_lebowski,pancake_waitress,Jennifer,Lamb,jennifer_lambthe_big_lebowskipancake_waitress
wendy_braun,the_big_lebowski,chorine_dancer,Wendy,Braun,wendy_braunthe_big_lebowskichorine_dancer
asia_carrera,the_big_lebowski,sherry_in_logjammin,Asia,Carrera,asia_carrerathe_big_lebowskisherry_in_logjammin
kiva_dawson,the_big_lebowski,dancer,Kiva,Dawson,kiva_dawsonthe_big_lebowskidancer
robin_johnson,the_big_lebowski,checker_at_ralph_s,Robin,Johnson,robin_johnsonthe_big_lebowskichecker_at_ralph_s
frances_mcdormand,blood_simple,abby,Frances,McDormand,frances_mcdormandblood_simpleabby
deborah_neumann,blood_simple,debra,Deborah,Neumann,deborah_neumannblood_simpledebra
raquel_gavia,blood_simple,landlady,Raquel,Gavia,raquel_gaviablood_simplelandlady
shannon_sedwick,blood_simple,stripper,Shannon,Sedwick,shannon_sedwickblood_simplestripper
nancy_finger,blood_simple,girl_on_overlook,Nancy,Finger,nancy_fingerblood_simplegirl_on_overlook
holly_hunter,blood_simple,helene_trend,Holly,Hunter,holly_hunterblood_simplehelene_trend
diane_lane,the_cotton_club,vera_cicero,Diane,Lane,diane_lanethe_cotton_clubvera_cicero
lonette_mckee,the_cotton_club,lila_rose_oliver,Lonette,McKee,lonette_mckeethe_cotton_clublila_rose_oliver
gwen_verdon,the_cotton_club,tish_dwyer,Gwen,Verdon,gwen_verdonthe_cotton_clubtish_dwyer
lisa_jane_persky,the_cotton_club,frances_flegenheimer,Lisa,Persky,lisa_jane_perskythe_cotton_clubfrances_flegenheimer
novella_nelson,the_cotton_club,madame_st_clair,Novella,Nelson,novella_nelsonthe_cotton_clubmadame_st_clair
jennifer_grey,the_cotton_club,patsy_dwyer,Jennifer,Grey,jennifer_greythe_cotton_clubpatsy_dwyer
wynonna_smith,the_cotton_club,winnie_williams,Wynonna,Smith,wynonna_smiththe_cotton_clubwinnie_williams
thelma_carpenter,the_cotton_club,norma_williams,Thelma,Carpenter,thelma_carpenterthe_cotton_clubnorma_williams
diane_venora,the_cotton_club,gloria_swanson,Diane,Venora,diane_venorathe_cotton_clubgloria_swanson
sandra_beall,the_cotton_club,myrtle_fay,Sandra,Beall,sandra_beallthe_cotton_clubmyrtle_fay
susan_mechsner,the_cotton_club,gypsie,Susan,Mechsner,susan_mechsnerthe_cotton_clubgypsie
norma_jean_darden,the_cotton_club,elda_webb,Norma,Darden,norma_jean_dardenthe_cotton_clubelda_webb
rosalind_harris,the_cotton_club,fanny_brice,Rosalind,Harris,rosalind_harristhe_cotton_clubfanny_brice
sofia_coppola,the_cotton_club,child_in_street,Sofia,Coppola,sofia_coppolathe_cotton_clubchild_in_street
ninon_digiorgio,the_cotton_club,child_in_street,Ninon,Digiorgio,ninon_digiorgiothe_cotton_clubchild_in_street
daria_hines,the_cotton_club,child_in_street,Daria,Hines,daria_hinesthe_cotton_clubchild_in_street
patricia_letang,the_cotton_club,child_in_street,Patricia,LeTang,patricia_letangthe_cotton_clubchild_in_street
danielle_osborne,the_cotton_club,child_in_street,Danielle,Osborne,danielle_osbornethe_cotton_clubchild_in_street
priscilla_baskerville,the_cotton_club,creole_love_call_sung_by,Priscilla,Baskerville,priscilla_baskervillethe_cotton_clubcreole_love_call_sung_by
ethel_beatty,the_cotton_club,bandana_babies_lead_vocal_dancer,Ethel,Beatty,ethel_beattythe_cotton_clubbandana_babies_lead_vocal_dancer
sydney_goldsmith,the_cotton_club,barbecue_bess_sung_by,Sydney,Goldsmith,sydney_goldsmiththe_cotton_clubbarbecue_bess_sung_by
lydia_abarca,the_cotton_club,dancer,Lydia,Abarca,lydia_abarcathe_cotton_clubdancer
sarita_allen,the_cotton_club,dancer,Sarita,Allen,sarita_allenthe_cotton_clubdancer
tracey_bass,the_cotton_club,dancer,Tracey,Bass,tracey_bassthe_cotton_clubdancer
jacquelyn_bird,the_cotton_club,dancer,Jacquelyn,Bird,jacquelyn_birdthe_cotton_clubdancer
shirley_black_brown,the_cotton_club,dancer,Shirley,Brown,shirley_black_brownthe_cotton_clubdancer
jhoe_breedlove,the_cotton_club,dancer,Jhoe,Breedlove,jhoe_breedlovethe_cotton_clubdancer
leslie_caldwell,the_cotton_club,dancer,Leslie,Caldwell,leslie_caldwellthe_cotton_clubdancer
melanie_caldwell,the_cotton_club,dancer,Melanie,Caldwell,melanie_caldwellthe_cotton_clubdancer
sheri_cowart,the_cotton_club,dancer,Sheri,Cowart,sheri_cowartthe_cotton_clubdancer
karen_dibianco,the_cotton_club,dancer,Karen,DiBianco,karen_dibiancothe_cotton_clubdancer
cisco_drayton,the_cotton_club,dancer,Cisco,Drayton,cisco_draytonthe_cotton_clubdancer
anne_duquesnay,the_cotton_club,dancer,Anne,Duquesnay,anne_duquesnaythe_cotton_clubdancer
carla_earle,the_cotton_club,dancer,Carla,Earle,carla_earlethe_cotton_clubdancer
wendy_edmead,the_cotton_club,dancer,Wendy,Edmead,wendy_edmeadthe_cotton_clubdancer
debbie_fitts,the_cotton_club,dancer,Debbie,Fitts,debbie_fittsthe_cotton_clubdancer
ruthanna_graves,the_cotton_club,dancer,Ruthanna,Graves,ruthanna_gravesthe_cotton_clubdancer
terri_griffin,the_cotton_club,dancer,Terri,Griffin,terri_griffinthe_cotton_clubdancer
robin_harmon,the_cotton_club,dancer,Robin,Harmon,robin_harmonthe_cotton_clubdancer
jackee_harree,the_cotton_club,dancer,Jackee,Harree,jackee_harreethe_cotton_clubdancer
sonya_hensley,the_cotton_club,dancer,Sonya,Hensley,sonya_hensleythe_cotton_clubdancer
gail_kendricks,the_cotton_club,dancer,Gail,Kendricks,gail_kendricksthe_cotton_clubdancer
christina_kumi_kimball,the_cotton_club,dancer,Christina,Kimball,christina_kumi_kimballthe_cotton_clubdancer
mary_beth_kurdock,the_cotton_club,dancer,Mary,Kurdock,mary_beth_kurdockthe_cotton_clubdancer
paula_lynn,the_cotton_club,dancer,Paula,Lynn,paula_lynnthe_cotton_clubdancer
delores_mcharris,the_cotton_club,dancer,Delores,McHarris,delores_mcharristhe_cotton_clubdancer
vody_najac,the_cotton_club,dancer,Vody,Najac,vody_najacthe_cotton_clubdancer
vya_negromonte,the_cotton_club,dancer,Vya,Negromonte,vya_negromontethe_cotton_clubdancer
alice_anne_oates,the_cotton_club,dancer,Alice,Oates,alice_anne_oatesthe_cotton_clubdancer
anne_palmer,the_cotton_club,dancer,Anne,Palmer,anne_palmerthe_cotton_clubdancer
julie_pars,the_cotton_club,dancer,Julie,Pars,julie_parsthe_cotton_clubdancer
antonia_pettiford,the_cotton_club,dancer,Antonia,Pettiford,antonia_pettifordthe_cotton_clubdancer
valarie_pettiford,the_cotton_club,dancer,Valarie,Pettiford,valarie_pettifordthe_cotton_clubdancer
janet_powell,the_cotton_club,dancer,Janet,Powell,janet_powellthe_cotton_clubdancer
renee_rodriguez,the_cotton_club,dancer,Renee,Rodriguez,renee_rodriguezthe_cotton_clubdancer
tracey_ross,the_cotton_club,dancer,Tracey,Ross,tracey_rossthe_cotton_clubdancer
kiki_shepard,the_cotton_club,dancer,Kiki,Shepard,kiki_shepardthe_cotton_clubdancer
rima_vetter,the_cotton_club,dancer,Rima,Vetter,rima_vetterthe_cotton_clubdancer
karen_wadkins,the_cotton_club,dancer,Karen,Wadkins,karen_wadkinsthe_cotton_clubdancer
alexis_wilson,the_cotton_club,dancer,Alexis,Wilson,alexis_wilsonthe_cotton_clubdancer
suzanne_kaaren,the_cotton_club,the_duchess_of_park_avenue,Suzanne,Kaaren,suzanne_kaarenthe_cotton_clubthe_duchess_of_park_avenue
angela_lindvall,cq,dragonfly_valentine,Angela,Lindvall,angela_lindvallcqdragonfly_valentine
lodie_bouchez,cq,marlene,Lodie,Bouchez,lodie_bouchezcqmarlene
natalia_vodianova,cq,brigit,Natalia,Vodianova,natalia_vodianovacqbrigit
sascha_ley,cq,fantasy_critic,Sascha,Ley,sascha_leycqfantasy_critic
greta_seacat,cq,festival_critic,Greta,Seacat,greta_seacatcqfestival_critic
barbara_sarafian,cq,festival_critic,Barbara,Sarafian,barbara_sarafiancqfestival_critic
diana_gartner,cq,cute_model_at_party,Diana,Gartner,diana_gartnercqcute_model_at_party
st_phanie_gesnel,cq,actress_at_party,St,Gesnel,st_phanie_gesnelcqactress_at_party
ann_maes,cq,vampire_actress,Ann,Maes,ann_maescqvampire_actress
gintare_parulyte,cq,vampire_actress,Gintare,Parulyte,gintare_parulytecqvampire_actress
caroline_lies,cq,vampire_actress,Caroline,Lies,caroline_liescqvampire_actress
stoyanka_tanya_gospodinova,cq,vampire_actress,Stoyanka,Gospodinova,stoyanka_tanya_gospodinovacqvampire_actress
magali_dahan,cq,vampire_actress,Magali,Dahan,magali_dahancqvampire_actress
natalie_broker,cq,vampire_actress,Natalie,Broker,natalie_brokercqvampire_actress
wanda_perdelwitz,cq,vampire_actress,Wanda,Perdelwitz,wanda_perdelwitzcqvampire_actress
federica_citarella,cq,talkative_girl,Federica,Citarella,federica_citarellacqtalkative_girl
corinne_terenzi,cq,teen_lover,Corinne,Terenzi,corinne_terenzicqteen_lover
sofia_coppola,cq,enzo_s_mistress,Sofia,Coppola,sofia_coppolacqenzo_s_mistress
caroline_colombini,cq,girl_in_miniskirt,Caroline,Colombini,caroline_colombinicqgirl_in_miniskirt
rosa_pianeta,cq,woman_in_fiat,Rosa,Pianeta,rosa_pianetacqwoman_in_fiat
louise_lasser,crimewave,helene_trend,Louise,Lasser,louise_lassercrimewavehelene_trend
sheree_j_wilson,crimewave,nancy,Sheree,Wilson,sheree_j_wilsoncrimewavenancy
carrie_hall,crimewave,cheap_dish,Carrie,Hall,carrie_hallcrimewavecheap_dish
bridget_hoffman,crimewave,nun,Bridget,Hoffman,bridget_hoffmancrimewavenun
ann_marie_gillis,crimewave,nun,Ann,Gillis,ann_marie_gilliscrimewavenun
frances_mcdormand,crimewave,nun,Frances,McDormand,frances_mcdormandcrimewavenun
carol_brinn,crimewave,old_woman,Carol,Brinn,carol_brinncrimewaveold_woman
julie_harris,crimewave,,Julie,Harris,julie_harriscrimewave
evelyn_cox,down_from_the_mountain,herself,Evelyn,Cox,evelyn_coxdown_from_the_mountainherself
suzanne_cox,down_from_the_mountain,herself,Suzanne,Cox,suzanne_coxdown_from_the_mountainherself
emmylou_harris,down_from_the_mountain,herself,Emmylou,Harris,emmylou_harrisdown_from_the_mountainherself
alison_krauss,down_from_the_mountain,herself,Alison,Krauss,alison_kraussdown_from_the_mountainherself
hannah_peasall,down_from_the_mountain,herself,Hannah,Peasall,hannah_peasalldown_from_the_mountainherself
leah_peasall,down_from_the_mountain,herself,Leah,Peasall,leah_peasalldown_from_the_mountainherself
sarah_peasall,down_from_the_mountain,herself,Sarah,Peasall,sarah_peasalldown_from_the_mountainherself
gillian_welch,down_from_the_mountain,herself,Gillian,Welch,gillian_welchdown_from_the_mountainherself
cheryl_white,down_from_the_mountain,herself,Cheryl,White,cheryl_whitedown_from_the_mountainherself
sharon_white,down_from_the_mountain,herself,Sharon,White,sharon_whitedown_from_the_mountainherself
holly_hunter,down_from_the_mountain,herself,Holly,Hunter,holly_hunterdown_from_the_mountainherself
tamara_trexler,down_from_the_mountain,audience_member,Tamara,Trexler,tamara_trexlerdown_from_the_mountainaudience_member
jurnee_smollett_bell,the_great_debaters,samantha_booke,Jurnee,Bell,jurnee_smollett_bellthe_great_debaterssamantha_booke
jermaine_williams,the_great_debaters,hamilton_burgess,Jermaine,Williams,jermaine_williamsthe_great_debatershamilton_burgess
gina_ravera,the_great_debaters,ruth_tolson,Gina,Ravera,gina_raverathe_great_debatersruth_tolson
kristin_rudr_d,fargo,jean_lundegaard,Kristin,D,kristin_rudr_dfargojean_lundegaard
sally_wingert,fargo,irate_customer_s_wife,Sally,Wingert,sally_wingertfargoirate_customer_s_wife
larissa_kokernot,fargo,hooker_1,Larissa,Kokernot,larissa_kokernotfargohooker_1
melissa_peterman,fargo,hooker_2,Melissa,Peterman,melissa_petermanfargohooker_2
sharon_anderson,fargo,morning_show_hostess,Sharon,Anderson,sharon_andersonfargomorning_show_hostess
michelle_suzanne_ledoux,fargo,victim_in_car,Michelle,LeDoux,michelle_suzanne_ledouxfargovictim_in_car
frances_mcdormand,fargo,marge_gunderson,Frances,McDormand,frances_mcdormandfargomarge_gunderson
petra_boden,fargo,cashier,Petra,Boden,petra_bodenfargocashier
jessica_shepherd,fargo,hotel_clerk,Jessica,Shepherd,jessica_shepherdfargohotel_clerk
michelle_hutchison,fargo,escort,Michelle,Hutchison,michelle_hutchisonfargoescort
rose_stockton,fargo,valerie,Rose,Stockton,rose_stocktonfargovalerie
jeanne_tripplehorn,the_firm,abby_mcdeere,Jeanne,Tripplehorn,jeanne_tripplehornthe_firmabby_mcdeere
holly_hunter,the_firm,tammy_hemphill,Holly,Hunter,holly_hunterthe_firmtammy_hemphill
barbara_garrick,the_firm,kay_quinn,Barbara,Garrick,barbara_garrickthe_firmkay_quinn
karina_lombard,the_firm,young_woman_on_beach,Karina,Lombard,karina_lombardthe_firmyoung_woman_on_beach
margo_martindale,the_firm,nina_huff,Margo,Martindale,margo_martindalethe_firmnina_huff
debbie_turner,the_firm,rental_agent,Debbie,Turner,debbie_turnerthe_firmrental_agent
janie_paris,the_firm,madge,Janie,Paris,janie_paristhe_firmmadge
susan_elliott,the_firm,river_museum_guide,Susan,Elliott,susan_elliottthe_firmriver_museum_guide
erin_branham,the_firm,river_museum_guide,Erin,Branham,erin_branhamthe_firmriver_museum_guide
joey_anderson,the_firm,ruth,Joey,Anderson,joey_andersonthe_firmruth
deborah_thomas,the_firm,quinns_maid,Deborah,Thomas,deborah_thomasthe_firmquinns_maid
rebecca_glenn,the_firm,young_woman_at_patio_bar,Rebecca,Glenn,rebecca_glennthe_firmyoung_woman_at_patio_bar
terri_welles,the_firm,woman_dancing_with_avery,Terri,Welles,terri_wellesthe_firmwoman_dancing_with_avery
jeane_aufdenberg,the_firm,car_rental_agent,Jeane,Aufdenberg,jeane_aufdenbergthe_firmcar_rental_agent
julia_hayes,the_firm,girl_in_bar,Julia,Hayes,julia_hayesthe_firmgirl_in_bar
shelley_duvall,frankenweenie,susan_frankenstein,Shelley,Duvall,shelley_duvallfrankenweeniesusan_frankenstein
roz_braverman,frankenweenie,mrs_epstein,Roz,Braverman,roz_bravermanfrankenweeniemrs_epstein
sofia_coppola,frankenweenie,anne_chambers,Sofia,Coppola,sofia_coppolafrankenweenieanne_chambers
helen_boll,frankenweenie,mrs_curtis,Helen,Boll,helen_bollfrankenweeniemrs_curtis
lynn_adrianna,her,letter_writer1,Lynn,Adrianna,lynn_adriannaherletter_writer1
lisa_renee_pitts,her,letter_writer2,Lisa,Pitts,lisa_renee_pittsherletter_writer2
gabe_gomez,her,letter_writer3,Gabe,Gomez,gabe_gomezherletter_writer3
rooney_mara,her,catherine,Rooney,Mara,rooney_marahercatherine
scarlett_johansson,her,samantha,Scarlett,Johansson,scarlett_johanssonhersamantha
amy_addams,her,amy,Amy,Addams,amy_addamsheramy
sigourney_weaver,ghostbusters,dana_barrett,Sigourney,Weaver,sigourney_weaverghostbustersdana_barrett
annie_potts,ghostbusters,janine_melnitz,Annie,Potts,annie_pottsghostbustersjanine_melnitz
jennifer_runyon,ghostbusters,female_student,Jennifer,Runyon,jennifer_runyonghostbustersfemale_student
slavitza_jovan,ghostbusters,gozer,Slavitza,Jovan,slavitza_jovanghostbustersgozer
alice_drummond,ghostbusters,librarian,Alice,Drummond,alice_drummondghostbusterslibrarian
rhoda_gemignani,ghostbusters,real_estate_woman,Rhoda,Gemignani,rhoda_gemignanighostbustersreal_estate_woman
patty_dworkin,ghostbusters,woman_at_party,Patty,Dworkin,patty_dworkinghostbusterswoman_at_party
jean_kasem,ghostbusters,tall_woman_at_party,Jean,Kasem,jean_kasemghostbusterstall_woman_at_party
frances_e_nealy,ghostbusters,chambermaid,Frances,Nealy,frances_e_nealyghostbusterschambermaid
eda_reiss_merin,ghostbusters,louis_s_neighbor,Eda,Merin,eda_reiss_meringhostbusterslouis_s_neighbor
kathryn_janssen,ghostbusters,mrs_van_hoffman,Kathryn,Janssen,kathryn_janssenghostbustersmrs_van_hoffman
carol_ann_henry,ghostbusters,reporter,Carol,Henry,carol_ann_henryghostbustersreporter
frances_turner,ghostbusters,reporter,Frances,Turner,frances_turnerghostbustersreporter
nancy_kelly,ghostbusters,reporter,Nancy,Kelly,nancy_kellyghostbustersreporter
cheryl_birchenfield,ghostbusters,annette_fleming,Cheryl,Birchenfield,cheryl_birchenfieldghostbustersannette_fleming
ruth_oliver,ghostbusters,library_ghost,Ruth,Oliver,ruth_oliverghostbusterslibrary_ghost
kymberly_herrin,ghostbusters,dream_ghost,Kymberly,Herrin,kymberly_herringhostbustersdream_ghost
paddi_edwards,ghostbusters,gozer,Paddi,Edwards,paddi_edwardsghostbustersgozer
deborah_gibson,ghostbusters,birthday_girl_in_tavern_on_the_green,Deborah,Gibson,deborah_gibsonghostbustersbirthday_girl_in_tavern_on_the_green
scarlett_johansson,girl_with_a_pearl_earring,griet,Scarlett,Johansson,scarlett_johanssongirl_with_a_pearl_earringgriet
judy_parfitt,girl_with_a_pearl_earring,maria_thins,Judy,Parfitt,judy_parfittgirl_with_a_pearl_earringmaria_thins
essie_davis,girl_with_a_pearl_earring,catharina_vermeer,Essie,Davis,essie_davisgirl_with_a_pearl_earringcatharina_vermeer
joanna_scanlan,girl_with_a_pearl_earring,tanneke,Joanna,Scanlan,joanna_scanlangirl_with_a_pearl_earringtanneke
alakina_mann,girl_with_a_pearl_earring,cornelia_vermeer,Alakina,Mann,alakina_manngirl_with_a_pearl_earringcornelia_vermeer
gabrielle_reidy,girl_with_a_pearl_earring,griet_s_mother,Gabrielle,Reidy,gabrielle_reidygirl_with_a_pearl_earringgriet_s_mother
anna_popplewell,girl_with_a_pearl_earring,maertge,Anna,Popplewell,anna_popplewellgirl_with_a_pearl_earringmaertge
ana_s_nepper,girl_with_a_pearl_earring,lisbeth,Ana,Nepper,ana_s_neppergirl_with_a_pearl_earringlisbeth
melanie_meyfroid,girl_with_a_pearl_earring,aleydis,Melanie,Meyfroid,melanie_meyfroidgirl_with_a_pearl_earringaleydis
lola_carpenter,girl_with_a_pearl_earring,baby_franciscus,Lola,Carpenter,lola_carpentergirl_with_a_pearl_earringbaby_franciscus
charlotte_carpenter,girl_with_a_pearl_earring,baby_franciscus,Charlotte,Carpenter,charlotte_carpentergirl_with_a_pearl_earringbaby_franciscus
olivia_chauveau,girl_with_a_pearl_earring,baby_franciscus,Olivia,Chauveau,olivia_chauveaugirl_with_a_pearl_earringbaby_franciscus
virginie_colin,girl_with_a_pearl_earring,emilie_van_ruijven,Virginie,Colin,virginie_colingirl_with_a_pearl_earringemilie_van_ruijven
sarah_drews,girl_with_a_pearl_earring,van_ruijven_s_daughter,Sarah,Drews,sarah_drewsgirl_with_a_pearl_earringvan_ruijven_s_daughter
christelle_bulckaen,girl_with_a_pearl_earring,wet_nurse,Christelle,Bulckaen,christelle_bulckaengirl_with_a_pearl_earringwet_nurse
gintare_parulyte,girl_with_a_pearl_earring,model,Gintare,Parulyte,gintare_parulytegirl_with_a_pearl_earringmodel
claire_johnston,girl_with_a_pearl_earring,white_haired_woman,Claire,Johnston,claire_johnstongirl_with_a_pearl_earringwhite_haired_woman
diane_keaton,the_godfather,kay_adams,Diane,Keaton,diane_keatonthe_godfatherkay_adams
talia_shire,the_godfather,connie,Talia,Shire,talia_shirethe_godfatherconnie
morgana_king,the_godfather,mama_corleone,Morgana,King,morgana_kingthe_godfathermama_corleone
tere_livrano,the_godfather,theresa_hagen,Tere,Livrano,tere_livranothe_godfathertheresa_hagen
jeannie_linero,the_godfather,lucy_mancini,Jeannie,Linero,jeannie_linerothe_godfatherlucy_mancini
julie_gregg,the_godfather,sandra_corleone,Julie,Gregg,julie_greggthe_godfathersandra_corleone
ardell_sheridan,the_godfather,mrs_clemenza,Ardell,Sheridan,ardell_sheridanthe_godfathermrs_clemenza
simonetta_stefanelli,the_godfather,apollonia_vitelli_corleone,Simonetta,Stefanelli,simonetta_stefanellithe_godfatherapollonia_vitelli_corleone
sofia_coppola,the_godfather,michael_francis_rizzi,Sofia,Coppola,sofia_coppolathe_godfathermichael_francis_rizzi
filomena_spagnuolo,the_godfather,extra_at_wedding_scene,Filomena,Spagnuolo,filomena_spagnuolothe_godfatherextra_at_wedding_scene
diane_keaton,the_godfather_part_ii,kay_corleone,Diane,Keaton,diane_keatonthe_godfather_part_iikay_corleone
talia_shire,the_godfather_part_ii,connie_corleone,Talia,Shire,talia_shirethe_godfather_part_iiconnie_corleone
francesca_de_sapio,the_godfather_part_ii,young_mama_corleone,Francesca,Sapio,francesca_de_sapiothe_godfather_part_iiyoung_mama_corleone
morgana_king,the_godfather_part_ii,older_carmella_mama_corleone,Morgana,King,morgana_kingthe_godfather_part_iiolder_carmella_mama_corleone
marianna_hill,the_godfather_part_ii,deanna_dunn_corleone,Marianna,Hill,marianna_hillthe_godfather_part_iideanna_dunn_corleone
tere_livrano,the_godfather_part_ii,theresa_hagen,Tere,Livrano,tere_livranothe_godfather_part_iitheresa_hagen
maria_carta,the_godfather_part_ii,signora_andolini_vito_s_mother,Maria,Carta,maria_cartathe_godfather_part_iisignora_andolini_vito_s_mother
fay_spain,the_godfather_part_ii,mrs_marcia_roth,Fay,Spain,fay_spainthe_godfather_part_iimrs_marcia_roth
kathleen_beller,the_godfather_part_ii,girl_in_senza_mamma,Kathleen,Beller,kathleen_bellerthe_godfather_part_iigirl_in_senza_mamma
saveria_mazzola,the_godfather_part_ii,signora_colombo,Saveria,Mazzola,saveria_mazzolathe_godfather_part_iisignora_colombo
elda_maida,the_godfather_part_ii,pentangeli_s_wife,Elda,Maida,elda_maidathe_godfather_part_iipentangeli_s_wife
ivonne_coll,the_godfather_part_ii,yolanda,Ivonne,Coll,ivonne_collthe_godfather_part_iiyolanda
gabriella_belloni,the_godfather_part_ii,ellis_island_nurse,Gabriella,Belloni,gabriella_bellonithe_godfather_part_iiellis_island_nurse
venancia_grangerard,the_godfather_part_ii,cuban_nurse,Venancia,Grangerard,venancia_grangerardthe_godfather_part_iicuban_nurse
erica_yohn,the_godfather_part_ii,governess,Erica,Yohn,erica_yohnthe_godfather_part_iigoverness
theresa_tirelli,the_godfather_part_ii,midwife,Theresa,Tirelli,theresa_tirellithe_godfather_part_iimidwife
sofia_coppola,the_godfather_part_ii,child_on_steamship_in_ny_harbor,Sofia,Coppola,sofia_coppolathe_godfather_part_iichild_on_steamship_in_ny_harbor
laura_lyons,the_godfather_part_ii,,Laura,Lyons,laura_lyonsthe_godfather_part_ii
connie_mason,the_godfather_part_ii,extra,Connie,Mason,connie_masonthe_godfather_part_iiextra
filomena_spagnuolo,the_godfather_part_ii,extra_in_little_italy,Filomena,Spagnuolo,filomena_spagnuolothe_godfather_part_iiextra_in_little_italy
diane_keaton,the_godfather_part_iii,kay_adams_mitchelson,Diane,Keaton,diane_keatonthe_godfather_part_iiikay_adams_mitchelson
talia_shire,the_godfather_part_iii,connie_corleone_rizzi,Talia,Shire,talia_shirethe_godfather_part_iiiconnie_corleone_rizzi
bridget_fonda,the_godfather_part_iii,grace_hamilton,Bridget,Fonda,bridget_fondathe_godfather_part_iiigrace_hamilton
sofia_coppola,the_godfather_part_iii,mary_corleone,Sofia,Coppola,sofia_coppolathe_godfather_part_iiimary_corleone
jeannie_linero,the_godfather_part_iii,lucy_mancini,Jeannie,Linero,jeannie_linerothe_godfather_part_iiilucy_mancini
jeanne_savarino_pesch,the_godfather_part_iii,francesca_corleone,Jeanne,Pesch,jeanne_savarino_peschthe_godfather_part_iiifrancesca_corleone
janet_savarino_smith,the_godfather_part_iii,kathryn_corleone,Janet,Smith,janet_savarino_smiththe_godfather_part_iiikathryn_corleone
tere_livrano,the_godfather_part_iii,teresa_hagen,Tere,Livrano,tere_livranothe_godfather_part_iiiteresa_hagen
valeria_sabel,the_godfather_part_iii,sister_vincenza,Valeria,Sabel,valeria_sabelthe_godfather_part_iiisister_vincenza
diane_agostini,the_godfather_part_iii,woman_with_child_at_street_fair,Diane,Agostini,diane_agostinithe_godfather_part_iiiwoman_with_child_at_street_fair
jessica_di_cicco,the_godfather_part_iii,child,Jessica,Cicco,jessica_di_ciccothe_godfather_part_iiichild
catherine_scorsese,the_godfather_part_iii,woman_in_cafe,Catherine,Scorsese,catherine_scorsesethe_godfather_part_iiiwoman_in_cafe
ida_bernardini,the_godfather_part_iii,woman_in_cafe,Ida,Bernardini,ida_bernardinithe_godfather_part_iiiwoman_in_cafe
elena_lo_forte,the_godfather_part_iii,santuzza_played_by_sequence_cavalleria_rusticana,Elena,Forte,elena_lo_fortethe_godfather_part_iiisantuzza_played_by_sequence_cavalleria_rusticana
madelyn_ren_e_monti,the_godfather_part_iii,santuzza_sung_by_lola_sequence_cavalleria_rusticana,Madelyn,Monti,madelyn_ren_e_montithe_godfather_part_iiisantuzza_sung_by_lola_sequence_cavalleria_rusticana
corinna_vozza,the_godfather_part_iii,lucia_sequence_cavalleria_rusticana,Corinna,Vozza,corinna_vozzathe_godfather_part_iiilucia_sequence_cavalleria_rusticana
simonetta_stefanelli,the_godfather_part_iii,apollonia_vitelli_corleone,Simonetta,Stefanelli,simonetta_stefanellithe_godfather_part_iiiapollonia_vitelli_corleone
andie_macdowell,groundhog_day,rita,Andie,MacDowell,andie_macdowellgroundhog_dayrita
marita_geraghty,groundhog_day,nancy_taylor,Marita,Geraghty,marita_geraghtygroundhog_daynancy_taylor
angela_paton,groundhog_day,mrs_lancaster,Angela,Paton,angela_patongroundhog_daymrs_lancaster
robin_duke,groundhog_day,doris_the_waitress,Robin,Duke,robin_dukegroundhog_daydoris_the_waitress
carol_bivins,groundhog_day,anchorwoman,Carol,Bivins,carol_bivinsgroundhog_dayanchorwoman
peggy_roeder,groundhog_day,piano_teacher,Peggy,Roeder,peggy_roedergroundhog_daypiano_teacher
sandy_maschmeyer,groundhog_day,phil_s_movie_date,Sandy,Maschmeyer,sandy_maschmeyergroundhog_dayphil_s_movie_date
leighanne_o_neil,groundhog_day,fan_on_street,Leighanne,O'Neil,leighanne_o_neilgroundhog_dayfan_on_street
evangeline_binkley,groundhog_day,jeopardy__viewer,Evangeline,Binkley,evangeline_binkleygroundhog_dayjeopardy__viewer
hynden_walch,groundhog_day,debbie_kleiser,Hynden,Walch,hynden_walchgroundhog_daydebbie_kleiser
martha_webster,groundhog_day,alice_waitress,Martha,Webster,martha_webstergroundhog_dayalice_waitress
angela_gollan,groundhog_day,piano_student,Angela,Gollan,angela_gollangroundhog_daypiano_student
dianne_b_shaw,groundhog_day,e_r_nurse,Dianne,Shaw,dianne_b_shawgroundhog_daye_r_nurse
barbara_ann_grimes,groundhog_day,flat_tire_lady,Barbara,Grimes,barbara_ann_grimesgroundhog_dayflat_tire_lady
ann_heekin,groundhog_day,flat_tire_lady,Ann,Heekin,ann_heekingroundhog_dayflat_tire_lady
lucina_paquet,groundhog_day,flat_tire_lady,Lucina,Paquet,lucina_paquetgroundhog_dayflat_tire_lady
brenda_pickleman,groundhog_day,buster_s_wife,Brenda,Pickleman,brenda_picklemangroundhog_daybuster_s_wife
amy_murdoch,groundhog_day,buster_s_daughter,Amy,Murdoch,amy_murdochgroundhog_daybuster_s_daughter
lindsay_albert,groundhog_day,woman_with_cigarette,Lindsay,Albert,lindsay_albertgroundhog_daywoman_with_cigarette
leslie_frates,groundhog_day,herself__jeopardy__contestant,Leslie,Frates,leslie_fratesgroundhog_dayherself__jeopardy__contestant
regina_prokop,groundhog_day,polka_dancer,Regina,Prokop,regina_prokopgroundhog_daypolka_dancer
colleen_camp,hearts_of_darkness_a_filmmaker_s_apocalypse,herself,Colleen,Camp,colleen_camphearts_of_darkness_a_filmmaker_s_apocalypseherself
eleanor_coppola,hearts_of_darkness_a_filmmaker_s_apocalypse,herself,Eleanor,Coppola,eleanor_coppolahearts_of_darkness_a_filmmaker_s_apocalypseherself
gia_coppola,hearts_of_darkness_a_filmmaker_s_apocalypse,herself,Gia,Coppola,gia_coppolahearts_of_darkness_a_filmmaker_s_apocalypseherself
sofia_coppola,hearts_of_darkness_a_filmmaker_s_apocalypse,herself,Sofia,Coppola,sofia_coppolahearts_of_darkness_a_filmmaker_s_apocalypseherself
jennifer_jason_leigh,the_hudsucker_proxy,amy_archer,Jennifer,Leigh,jennifer_jason_leighthe_hudsucker_proxyamy_archer
mary_lou_rosato,the_hudsucker_proxy,mussburger_s_secretary,Mary,Rosato,mary_lou_rosatothe_hudsucker_proxymussburger_s_secretary
eleanor_glockner,the_hudsucker_proxy,mrs_mussburger,Eleanor,Glockner,eleanor_glocknerthe_hudsucker_proxymrs_mussburger
kathleen_perkins,the_hudsucker_proxy,mrs_braithwaite,Kathleen,Perkins,kathleen_perkinsthe_hudsucker_proxymrs_braithwaite
barbara_ann_grimes,the_hudsucker_proxy,mrs_cardoza,Barbara,Grimes,barbara_ann_grimesthe_hudsucker_proxymrs_cardoza
anna_nicole_smith,the_hudsucker_proxy,za_za,Anna,Smith,anna_nicole_smiththe_hudsucker_proxyza_za
pamela_everett,the_hudsucker_proxy,dream_dancer,Pamela,Everett,pamela_everettthe_hudsucker_proxydream_dancer
linda_mccoy,the_hudsucker_proxy,coffee_shop_waitress,Linda,McCoy,linda_mccoythe_hudsucker_proxycoffee_shop_waitress
joanne_pankow,the_hudsucker_proxy,newsreel_secretary,Joanne,Pankow,joanne_pankowthe_hudsucker_proxynewsreel_secretary
cynthia_baker,the_hudsucker_proxy,new_year_s_mob,Cynthia,Baker,cynthia_bakerthe_hudsucker_proxynew_year_s_mob
patricia_arquette,inside_monkey_zetterland,grace_zetterland,Patricia,Arquette,patricia_arquetteinside_monkey_zetterlandgrace_zetterland
sandra_bernhard,inside_monkey_zetterland,imogene,Sandra,Bernhard,sandra_bernhardinside_monkey_zetterlandimogene
sofia_coppola,inside_monkey_zetterland,cindy,Sofia,Coppola,sofia_coppolainside_monkey_zetterlandcindy
katherine_helmond,inside_monkey_zetterland,honor_zetterland,Katherine,Helmond,katherine_helmondinside_monkey_zetterlandhonor_zetterland
ricki_lake,inside_monkey_zetterland,bella_the_stalker,Ricki,Lake,ricki_lakeinside_monkey_zetterlandbella_the_stalker
debi_mazar,inside_monkey_zetterland,daphne,Debi,Mazar,debi_mazarinside_monkey_zetterlanddaphne
martha_plimpton,inside_monkey_zetterland,sofie,Martha,Plimpton,martha_plimptoninside_monkey_zetterlandsofie
robin_antin,inside_monkey_zetterland,waitress,Robin,Antin,robin_antininside_monkey_zetterlandwaitress
frances_bay,inside_monkey_zetterland,grandma,Frances,Bay,frances_bayinside_monkey_zetterlandgrandma
melissa_lechner,inside_monkey_zetterland,observation_psychiatrist,Melissa,Lechner,melissa_lechnerinside_monkey_zetterlandobservation_psychiatrist
vivian_schilling,inside_monkey_zetterland,network_producer,Vivian,Schilling,vivian_schillinginside_monkey_zetterlandnetwork_producer
blair_tefkin,inside_monkey_zetterland,brent_s_assistant,Blair,Tefkin,blair_tefkininside_monkey_zetterlandbrent_s_assistant
catherine_zeta_jones,intolerable_cruelty,marylin_rexroth,Catherine,Jones,catherine_zeta_jonesintolerable_crueltymarylin_rexroth
julia_duffy,intolerable_cruelty,sarah_sorkin,Julia,Duffy,julia_duffyintolerable_crueltysarah_sorkin
stacey_travis,intolerable_cruelty,bonnie_donaly,Stacey,Travis,stacey_travisintolerable_crueltybonnie_donaly
judith_drake,intolerable_cruelty,mrs_gutman,Judith,Drake,judith_drakeintolerable_crueltymrs_gutman
kristin_dattilo,intolerable_cruelty,rex_s_young_woman,Kristin,Dattilo,kristin_dattilointolerable_crueltyrex_s_young_woman
wendle_josepher,intolerable_cruelty,miles_receptionist,Wendle,Josepher,wendle_josepherintolerable_crueltymiles_receptionist
mary_pat_gleason,intolerable_cruelty,nero_s_waitress,Mary,Gleason,mary_pat_gleasonintolerable_crueltynero_s_waitress
mia_cottet,intolerable_cruelty,ramona_barcelona,Mia,Cottet,mia_cottetintolerable_crueltyramona_barcelona
kiersten_warren,intolerable_cruelty,claire_o_mara,Kiersten,Warren,kiersten_warrenintolerable_crueltyclaire_o_mara
isabell_o_connor,intolerable_cruelty,judge_marva_munson,Isabell,O'Connor,isabell_o_connorintolerable_crueltyjudge_marva_munson
mary_gillis,intolerable_cruelty,court_reporter,Mary,Gillis,mary_gillisintolerable_crueltycourt_reporter
julie_osburn,intolerable_cruelty,stewardess,Julie,Osburn,julie_osburnintolerable_crueltystewardess
kate_luyben,intolerable_cruelty,santa_fe_tart,Kate,Luyben,kate_luybenintolerable_crueltysanta_fe_tart
kitana_baker,intolerable_cruelty,santa_fe_tart,Kitana,Baker,kitana_bakerintolerable_crueltysanta_fe_tart
camille_anderson,intolerable_cruelty,santa_fe_tart,Camille,Anderson,camille_andersonintolerable_crueltysanta_fe_tart
tamie_sheffield,intolerable_cruelty,santa_fe_tart,Tamie,Sheffield,tamie_sheffieldintolerable_crueltysanta_fe_tart
bridget_marquardt,intolerable_cruelty,santa_fe_tart,Bridget,Marquardt,bridget_marquardtintolerable_crueltysanta_fe_tart
emma_harrison,intolerable_cruelty,santa_fe_tart,Emma,Harrison,emma_harrisonintolerable_crueltysanta_fe_tart
justine_baker,intolerable_cruelty,wedding_guest,Justine,Baker,justine_bakerintolerable_crueltywedding_guest
barbara_kerr_condon,intolerable_cruelty,herb_myerson_s_private_nurse,Barbara,Condon,barbara_kerr_condonintolerable_crueltyherb_myerson_s_private_nurse
susan_yeagley,intolerable_cruelty,tart_1,Susan,Yeagley,susan_yeagleyintolerable_crueltytart_1
audrey_tautou,the_da_vinci_code,sophie_neveu,Audrey,Tautou,audrey_tautouthe_da_vinci_codesophie_neveu
irma_p_hall,the_ladykillers,marva_munson,Irma,Hall,irma_p_hallthe_ladykillersmarva_munson
diane_delano,the_ladykillers,mountain_girl,Diane,Delano,diane_delanothe_ladykillersmountain_girl
lyne_odums,the_ladykillers,rosalie_funthes,Lyne,Odums,lyne_odumsthe_ladykillersrosalie_funthes
hallie_singleton,the_ladykillers,craft_service,Hallie,Singleton,hallie_singletonthe_ladykillerscraft_service
freda_foh_shen,the_ladykillers,doughnut_woman,Freda,Shen,freda_foh_shenthe_ladykillersdoughnut_woman
paula_martin,the_ladykillers,gawain_s_mama,Paula,Martin,paula_martinthe_ladykillersgawain_s_mama
te_te_benn,the_ladykillers,gawain_s_sister,Te,Benn,te_te_bennthe_ladykillersgawain_s_sister
jennifer_echols,the_ladykillers,waffle_hut_waitress,Jennifer,Echols,jennifer_echolsthe_ladykillerswaffle_hut_waitress
nita_norris,the_ladykillers,tea_lady,Nita,Norris,nita_norristhe_ladykillerstea_lady
vivian_smallwood,the_ladykillers,tea_lady,Vivian,Smallwood,vivian_smallwoodthe_ladykillerstea_lady
maryn_tasco,the_ladykillers,tea_lady,Maryn,Tasco,maryn_tascothe_ladykillerstea_lady
muriel_whitaker,the_ladykillers,tea_lady,Muriel,Whitaker,muriel_whitakerthe_ladykillerstea_lady
jessie_bailey,the_ladykillers,tea_lady,Jessie,Bailey,jessie_baileythe_ladykillerstea_lady
louisa_abernathy,the_ladykillers,church_voice,Louisa,Abernathy,louisa_abernathythe_ladykillerschurch_voice
mildred_dumas,the_ladykillers,church_voice,Mildred,Dumas,mildred_dumasthe_ladykillerschurch_voice
mi_mi_green_fann,the_ladykillers,church_voice,Mi,Fann,mi_mi_green_fannthe_ladykillerschurch_voice
christina_turley,lick_the_star,kate,Christina,Turley,christina_turleylick_the_starkate
audrey_heaven,lick_the_star,chloe,Audrey,Heaven,audrey_heavenlick_the_starchloe
julia_vanderham,lick_the_star,rebecca,Julia,Vanderham,julia_vanderhamlick_the_starrebecca
lindsy_drummer,lick_the_star,sara,Lindsy,Drummer,lindsy_drummerlick_the_starsara
rachael_vanni,lick_the_star,wendy,Rachael,Vanni,rachael_vannilick_the_starwendy
zoe_r_cassavetes,lick_the_star,p_e_teacher,Zoe,Cassavetes,zoe_r_cassaveteslick_the_starp_e_teacher
anahid_nazarian,lick_the_star,social_studies_teacher,Anahid,Nazarian,anahid_nazarianlick_the_starsocial_studies_teacher
davia_nelson,lick_the_star,english_teacher,Davia,Nelson,davia_nelsonlick_the_starenglish_teacher
christianna_toler,lick_the_star,nadine,Christianna,Toler,christianna_tolerlick_the_starnadine
hilary_fleming,lick_the_star,taco_girl,Hilary,Fleming,hilary_fleminglick_the_startaco_girl
eleanor_cummings,lick_the_star,sixth_grader_p_e_victim,Eleanor,Cummings,eleanor_cummingslick_the_starsixth_grader_p_e_victim
scarlett_johansson,lost_in_translation,charlotte,Scarlett,Johansson,scarlett_johanssonlost_in_translationcharlotte
akiko_takeshita,lost_in_translation,ms_kawasaki,Akiko,Takeshita,akiko_takeshitalost_in_translationms_kawasaki
catherine_lambert,lost_in_translation,jazz_singer,Catherine,Lambert,catherine_lambertlost_in_translationjazz_singer
nao_asuka,lost_in_translation,premium_fantasy_woman,Nao,Asuka,nao_asukalost_in_translationpremium_fantasy_woman
hiroko_kawasaki,lost_in_translation,hiroko,Hiroko,Kawasaki,hiroko_kawasakilost_in_translationhiroko
daikon,lost_in_translation,bambie,Daikon,,daikonlost_in_translationbambie
anna_faris,lost_in_translation,kelly,Anna,Faris,anna_farislost_in_translationkelly
akiko_monou,lost_in_translation,p_chan,Akiko,Monou,akiko_monoulost_in_translationp_chan
toshikawa_hiromi,lost_in_translation,hiromix,Toshikawa,Hiromi,toshikawa_hiromilost_in_translationhiromix
lisle_wilkerson,lost_in_translation,sexy_businesswoman,Lisle,Wilkerson,lisle_wilkersonlost_in_translationsexy_businesswoman
nancy_steiner,lost_in_translation,lydia_harris,Nancy,Steiner,nancy_steinerlost_in_translationlydia_harris
frances_mcdormand,the_man_who_wasn_t_there,doris_crane,Frances,McDormand,frances_mcdormandthe_man_who_wasn_t_theredoris_crane
katherine_borowitz,the_man_who_wasn_t_there,ann_nirdlinger,Katherine,Borowitz,katherine_borowitzthe_man_who_wasn_t_thereann_nirdlinger
scarlett_johansson,the_man_who_wasn_t_there,rachel_birdy_abundas,Scarlett,Johansson,scarlett_johanssonthe_man_who_wasn_t_thererachel_birdy_abundas
lilyan_chauvin,the_man_who_wasn_t_there,medium,Lilyan,Chauvin,lilyan_chauvinthe_man_who_wasn_t_theremedium
rhoda_gemignani,the_man_who_wasn_t_there,costanza,Rhoda,Gemignani,rhoda_gemignanithe_man_who_wasn_t_therecostanza
brooke_smith,the_man_who_wasn_t_there,sobbing_prisoner,Brooke,Smith,brooke_smiththe_man_who_wasn_t_theresobbing_prisoner
hallie_singleton,the_man_who_wasn_t_there,waitress,Hallie,Singleton,hallie_singletonthe_man_who_wasn_t_therewaitress
mary_bogue,the_man_who_wasn_t_there,prisoner_visitor,Mary,Bogue,mary_boguethe_man_who_wasn_t_thereprisoner_visitor
michelle_weber,the_man_who_wasn_t_there,dancer,Michelle,Weber,michelle_weberthe_man_who_wasn_t_theredancer
randi_pareira,the_man_who_wasn_t_there,dancer,Randi,Pareira,randi_pareirathe_man_who_wasn_t_theredancer
brenda_mae_hamilton,the_man_who_wasn_t_there,dancer,Brenda,Hamilton,brenda_mae_hamiltonthe_man_who_wasn_t_theredancer
rita_bland,the_man_who_wasn_t_there,dancer,Rita,Bland,rita_blandthe_man_who_wasn_t_theredancer
audrey_k_baranishyn,the_man_who_wasn_t_there,dancer,Audrey,Baranishyn,audrey_k_baranishynthe_man_who_wasn_t_theredancer
qyn_hughes,the_man_who_wasn_t_there,dancer,Qyn,Hughes,qyn_hughesthe_man_who_wasn_t_theredancer
rachel_mcdonald,the_man_who_wasn_t_there,dancer,Rachel,McDonald,rachel_mcdonaldthe_man_who_wasn_t_theredancer
joan_m_blair,the_man_who_wasn_t_there,prison_matron,Joan,Blair,joan_m_blairthe_man_who_wasn_t_thereprison_matron
cherilyn_hayres,the_man_who_wasn_t_there,swing_dancer,Cherilyn,Hayres,cherilyn_hayresthe_man_who_wasn_t_thereswing_dancer
monika_malmrose,the_man_who_wasn_t_there,crying_girl,Monika,Malmrose,monika_malmrosethe_man_who_wasn_t_therecrying_girl
kirsten_dunst,marie_antoinette,marie_antoinette,Kirsten,Dunst,kirsten_dunstmarie_antoinettemarie_antoinette
judy_davis,marie_antoinette,comtesse_de_noailles,Judy,Davis,judy_davismarie_antoinettecomtesse_de_noailles
asia_argento,marie_antoinette,madame_du_barry,Asia,Argento,asia_argentomarie_antoinettemadame_du_barry
marianne_faithfull,marie_antoinette,maria_theresia,Marianne,Faithfull,marianne_faithfullmarie_antoinettemaria_theresia
aurore_cl_ment,marie_antoinette,la_duchesse_de_chartres,Aurore,Ment,aurore_cl_mentmarie_antoinettela_duchesse_de_chartres
clementine_poidatz,marie_antoinette,comtesse_de_provence,Clémentine,Poidatz,clementine_poidatzmarie_antoinettecomtesse_de_provence
molly_shannon,marie_antoinette,anne_victoire,Molly,Shannon,molly_shannonmarie_antoinetteanne_victoire
shirley_henderson,marie_antoinette,aunt_sophie,Shirley,Henderson,shirley_hendersonmarie_antoinetteaunt_sophie
sarah_adler,marie_antoinette,,Sarah,Adler,sarah_adlermarie_antoinette
rachel_berger,marie_antoinette,lady_m_b,Rachel,Berger,rachel_bergermarie_antoinettelady_m_b
io_bottoms,marie_antoinette,lady_in_waiting_1,Io,Bottoms,io_bottomsmarie_antoinettelady_in_waiting_1
sol_ne_bouton,marie_antoinette,,Sol,Bouton,sol_ne_boutonmarie_antoinette
rose_byrne,marie_antoinette,yolande_martine_gabrielle_de_polastron_duchesse_de_polignac,Rose,Byrne,rose_byrnemarie_antoinetteyolande_martine_gabrielle_de_polastron_duchesse_de_polignac
sabine_glaser,marie_antoinette,court_member,Sabine,Glaser,sabine_glasermarie_antoinettecourt_member
h_loise_godet,marie_antoinette,court_member,H,Godet,h_loise_godetmarie_antoinettecourt_member
manon_grosset,marie_antoinette,une_page,Manon,Grosset,manon_grossetmarie_antoinetteune_page
aleksia_landeau,marie_antoinette,countesse_de_castelabjac,Aleksia,Landeau,aleksia_landeaumarie_antoinettecountesse_de_castelabjac
mary_nighy,marie_antoinette,,Mary,Nighy,mary_nighymarie_antoinette
marcia_gay_harden,miller_s_crossing,verna,Marcia,Harden,marcia_gay_hardenmiller_s_crossingverna
jeanette_kontomitras,miller_s_crossing,mrs_caspar,Jeanette,Kontomitras,jeanette_kontomitrasmiller_s_crossingmrs_caspar
helen_jolly,miller_s_crossing,screaming_lady,Helen,Jolly,helen_jollymiller_s_crossingscreaming_lady
hilda_mclean,miller_s_crossing,landlady,Hilda,McLean,hilda_mcleanmiller_s_crossinglandlady
frances_mcdormand,miller_s_crossing,mayor_s_secretary,Frances,McDormand,frances_mcdormandmiller_s_crossingmayor_s_secretary
emmanuelle_b_art,mission_impossible,claire_phelps,Emmanuelle,Art,emmanuelle_b_artmission_impossibleclaire_phelps
kristin_scott_thomas,mission_impossible,sarah_davies,Kristin,Thomas,kristin_scott_thomasmission_impossiblesarah_davies
vanessa_redgrave,mission_impossible,max,Vanessa,Redgrave,vanessa_redgravemission_impossiblemax
ingeborga_dapkunaite,mission_impossible,hannah_williams,Ingeborga,Dapkunaite,ingeborga_dapkunaitemission_impossiblehannah_williams
valentina_yakunina,mission_impossible,drunken_female_imf_agent,Valentina,Yakunina,valentina_yakuninamission_impossibledrunken_female_imf_agent
annabel_mullion,mission_impossible,flight_attendant,Annabel,Mullion,annabel_mullionmission_impossibleflight_attendant
maya_dokic,mission_impossible,kiev_room_agent,Maya,Dokic,maya_dokicmission_impossiblekiev_room_agent
carmela_marner,mission_impossible,kiev_room_agent,Carmela,Marner,carmela_marnermission_impossiblekiev_room_agent
mimi_potworowska,mission_impossible,kiev_room_agent,Mimi,Potworowska,mimi_potworowskamission_impossiblekiev_room_agent
jirina_trebick,mission_impossible,cleaning_woman,Jirina,Trebick,jirina_trebickmission_impossiblecleaning_woman
helen_lindsay,mission_impossible,female_executive_in_train,Helen,Lindsay,helen_lindsaymission_impossiblefemale_executive_in_train
pat_starr,mission_impossible,cia_agent,Pat,Starr,pat_starrmission_impossiblecia_agent
sue_doucette,mission_impossible,cia_agent,Sue,Doucette,sue_doucettemission_impossiblecia_agent
laura_brook,mission_impossible,margaret_hunt,Laura,Brook,laura_brookmission_impossiblemargaret_hunt
melissa_knatchbull,mission_impossible,air_stewardess,Melissa,Knatchbull,melissa_knatchbullmission_impossibleair_stewardess
holly_hunter,o_brother_where_art_thou,penny,Holly,Hunter,holly_huntero_brother_where_art_thoupenny
gillian_welch,o_brother_where_art_thou,soggy_bottom_customer,Gillian,Welch,gillian_welcho_brother_where_art_thousoggy_bottom_customer
mia_tate,o_brother_where_art_thou,siren,Mia,Tate,mia_tateo_brother_where_art_thousiren
musetta_vander,o_brother_where_art_thou,siren,Musetta,Vander,musetta_vandero_brother_where_art_thousiren
christy_taylor,o_brother_where_art_thou,siren,Christy,Taylor,christy_tayloro_brother_where_art_thousiren
april_hardcastle,o_brother_where_art_thou,waitress,April,Hardcastle,april_hardcastleo_brother_where_art_thouwaitress
georgia_rae_rainer,o_brother_where_art_thou,wharvey_gal,Georgia,Rainer,georgia_rae_rainero_brother_where_art_thouwharvey_gal
marianna_breland,o_brother_where_art_thou,wharvey_gal,Marianna,Breland,marianna_brelando_brother_where_art_thouwharvey_gal
lindsey_miller,o_brother_where_art_thou,wharvey_gal,Lindsey,Miller,lindsey_millero_brother_where_art_thouwharvey_gal
natalie_shedd,o_brother_where_art_thou,wharvey_gal,Natalie,Shedd,natalie_sheddo_brother_where_art_thouwharvey_gal
evelyn_cox,o_brother_where_art_thou,cox_family,Evelyn,Cox,evelyn_coxo_brother_where_art_thoucox_family
suzanne_cox,o_brother_where_art_thou,cox_family,Suzanne,Cox,suzanne_coxo_brother_where_art_thoucox_family
sharon_white,o_brother_where_art_thou,the_whites,Sharon,White,sharon_whiteo_brother_where_art_thouthe_whites
cheryl_white,o_brother_where_art_thou,the_whites,Cheryl,White,cheryl_whiteo_brother_where_art_thouthe_whites
diane_lane,the_outsiders,sherri_cherry_valance,Diane,Lane,diane_lanethe_outsiderssherri_cherry_valance
michelle_meyrink,the_outsiders,marcia,Michelle,Meyrink,michelle_meyrinkthe_outsidersmarcia
sofia_coppola,the_outsiders,little_girl,Sofia,Coppola,sofia_coppolathe_outsiderslittle_girl
teresa_wilkerson_hunt,the_outsiders,woman_at_fire,Teresa,Hunt,teresa_wilkerson_huntthe_outsiderswoman_at_fire
linda_nystedt,the_outsiders,nurse,Linda,Nystedt,linda_nystedtthe_outsidersnurse
s_e_hinton,the_outsiders,nurse,S,Hinton,s_e_hintonthe_outsidersnurse
heather_langenkamp,the_outsiders,,Heather,Langenkamp,heather_langenkampthe_outsiders
emilie_ohana,paris_je_t_aime,the_young_parisian_recurrent_character,Emilie,Ohana,emilie_ohanaparis_je_t_aimethe_young_parisian_recurrent_character
julie_bataille,paris_je_t_aime,julie_segment_1st_arrondissement,Julie,Bataille,julie_batailleparis_je_t_aimejulie_segment_1st_arrondissement
juliette_binoche,paris_je_t_aime,the_mother_segment_2nd_arrondissement,Juliette,Binoche,juliette_binocheparis_je_t_aimethe_mother_segment_2nd_arrondissement
marianne_faithfull,paris_je_t_aime,segment_4th_arrondissement,Marianne,Faithfull,marianne_faithfullparis_je_t_aimesegment_4th_arrondissement
gena_rowlands,paris_je_t_aime,gena_segment_6th_arrondissement,Gena,Rowlands,gena_rowlandsparis_je_t_aimegena_segment_6th_arrondissement
yolande_moreau,paris_je_t_aime,female_mime_segment_7th_arrondissement,Yolande,Moreau,yolande_moreauparis_je_t_aimefemale_mime_segment_7th_arrondissement
olga_kurylenko,paris_je_t_aime,the_femme_fatale_segment_8th_arrondissement,Olga,Kurylenko,olga_kurylenkoparis_je_t_aimethe_femme_fatale_segment_8th_arrondissement
fanny_ardant,paris_je_t_aime,fanny_forestier_segment_9th_arrondissement,Fanny,Ardant,fanny_ardantparis_je_t_aimefanny_forestier_segment_9th_arrondissement
natalie_portman,paris_je_t_aime,francine_segment_10th_arrondissement,Natalie,Portman,natalie_portmanparis_je_t_aimefrancine_segment_10th_arrondissement
isabella_rossellini,paris_je_t_aime,the_wife_segment_12th_arrondissement,Isabella,Rossellini,isabella_rosselliniparis_je_t_aimethe_wife_segment_12th_arrondissement
leonor_watling,paris_je_t_aime,segment_12th_arrondissement,Leonor,Watling,leonor_watlingparis_je_t_aimesegment_12th_arrondissement
camille_japy,paris_je_t_aime,anna_segment_15th_arrondissement,Camille,Japy,camille_japyparis_je_t_aimeanna_segment_15th_arrondissement
ludivine_sagnier,paris_je_t_aime,claire_segment_17th_arrondissement,Ludivine,Sagnier,ludivine_sagnierparis_je_t_aimeclaire_segment_17th_arrondissement
a_ssa_ma_ga,paris_je_t_aime,sophie_segment_19th_arrondissement,A,Ga,a_ssa_ma_gaparis_je_t_aimesophie_segment_19th_arrondissement
kathleen_turner,peggy_sue_got_married,peggy_sue_kelcher_peggy_sue_bodell,Kathleen,Turner,kathleen_turnerpeggy_sue_got_marriedpeggy_sue_kelcher_peggy_sue_bodell
catherine_hicks,peggy_sue_got_married,carol_heath,Catherine,Hicks,catherine_hickspeggy_sue_got_marriedcarol_heath
joan_allen,peggy_sue_got_married,maddy_nagle,Joan,Allen,joan_allenpeggy_sue_got_marriedmaddy_nagle
lisa_jane_persky,peggy_sue_got_married,delores_dodge,Lisa,Persky,lisa_jane_perskypeggy_sue_got_marrieddelores_dodge
lucinda_jenney,peggy_sue_got_married,rosalie_testa,Lucinda,Jenney,lucinda_jenneypeggy_sue_got_marriedrosalie_testa
barbara_harris,peggy_sue_got_married,evelyn_kelcher,Barbara,Harris,barbara_harrispeggy_sue_got_marriedevelyn_kelcher
sofia_coppola,peggy_sue_got_married,nancy_kelcher,Sofia,Coppola,sofia_coppolapeggy_sue_got_marriednancy_kelcher
maureen_o_sullivan,peggy_sue_got_married,elizabeth_alvorg,Maureen,O'Sullivan,maureen_o_sullivanpeggy_sue_got_marriedelizabeth_alvorg
helen_hunt,peggy_sue_got_married,beth_bodell,Helen,Hunt,helen_huntpeggy_sue_got_marriedbeth_bodell
ginger_taylor,peggy_sue_got_married,janet,Ginger,Taylor,ginger_taylorpeggy_sue_got_marriedjanet
sigrid_wurschmidt,peggy_sue_got_married,sharon,Sigrid,Wurschmidt,sigrid_wurschmidtpeggy_sue_got_marriedsharon
sachi_parker,peggy_sue_got_married,lisa,Sachi,Parker,sachi_parkerpeggy_sue_got_marriedlisa
vivien_straus,peggy_sue_got_married,sandy,Vivien,Straus,vivien_strauspeggy_sue_got_marriedsandy
barbara_oliver,peggy_sue_got_married,nurse,Barbara,Oliver,barbara_oliverpeggy_sue_got_marriednurse
mary_leichtling,peggy_sue_got_married,reunion_receptionist,Mary,Leichtling,mary_leichtlingpeggy_sue_got_marriedreunion_receptionist
cynthia_brian,peggy_sue_got_married,reunion_woman_2,Cynthia,Brian,cynthia_brianpeggy_sue_got_marriedreunion_woman_2
mary_mitchel,peggy_sue_got_married,,Mary,Mitchel,mary_mitchelpeggy_sue_got_married
ellen_burstyn,interstellar,murph_older,Ellen,Burstyn,ellen_burstyninterstellarmurph_older
mackenzie_foy,interstellar,murph_10,Mackenzie,Foy,mackenzie_foyinterstellarmurph_10
collete_wolfe,interstellar,ms_hanley,Collete,Wolfe,collete_wolfeinterstellarms_hanley
holly_hunter,raising_arizona,edwina_ed_mcdonnough,Holly,Hunter,holly_hunterraising_arizonaedwina_ed_mcdonnough
frances_mcdormand,raising_arizona,dot,Frances,McDormand,frances_mcdormandraising_arizonadot
lynne_dumin_kitei,raising_arizona,florence_arizona,Lynne,Kitei,lynne_dumin_kiteiraising_arizonaflorence_arizona
mary_seibel,raising_arizona,parole_board_member,Mary,Seibel,mary_seibelraising_arizonaparole_board_member
margaret_h_mccormack,raising_arizona,unpainted_arizona_secretary,Margaret,McCormack,margaret_h_mccormackraising_arizonaunpainted_arizona_secretary
mary_f_glenn,raising_arizona,payroll_cashier,Mary,Glenn,mary_f_glennraising_arizonapayroll_cashier
katie_thrasher,raising_arizona,glen_and_dot_s_kid,Katie,Thrasher,katie_thrasherraising_arizonaglen_and_dot_s_kid
nicole_russell,raising_arizona,glen_and_dot_s_kid,Nicole,Russell,nicole_russellraising_arizonaglen_and_dot_s_kid
noell_sanders,raising_arizona,glen_and_dot_s_kid,Noell,Sanders,noell_sandersraising_arizonaglen_and_dot_s_kid
ashley_hammon,raising_arizona,arizona_quint,Ashley,Hammon,ashley_hammonraising_arizonaarizona_quint
crystal_hiller,raising_arizona,arizona_quint,Crystal,Hiller,crystal_hillerraising_arizonaarizona_quint
olivia_hughes,raising_arizona,arizona_quint,Olivia,Hughes,olivia_hughesraising_arizonaarizona_quint
emily_malin,raising_arizona,arizona_quint,Emily,Malin,emily_malinraising_arizonaarizona_quint
melanie_malin,raising_arizona,arizona_quint,Melanie,Malin,melanie_malinraising_arizonaarizona_quint
diane_lane,rumble_fish,patty,Diane,Lane,diane_lanerumble_fishpatty
diana_scarwid,rumble_fish,cassandra,Diana,Scarwid,diana_scarwidrumble_fishcassandra
maybelle_wallace,rumble_fish,late_pass_clerk,Maybelle,Wallace,maybelle_wallacerumble_fishlate_pass_clerk
nona_manning,rumble_fish,patty_s_mom,Nona,Manning,nona_manningrumble_fishpatty_s_mom
sofia_coppola,rumble_fish,donna_patty_s_sister,Sofia,Coppola,sofia_coppolarumble_fishdonna_patty_s_sister
s_e_hinton,rumble_fish,hooker_on_strip,S,Hinton,s_e_hintonrumble_fishhooker_on_strip
keeva_clayton,rumble_fish,lake_girl_1,Keeva,Clayton,keeva_claytonrumble_fishlake_girl_1
kirsten_hayden,rumble_fish,lake_girl_2,Kirsten,Hayden,kirsten_haydenrumble_fishlake_girl_2
karen_parker,rumble_fish,lake_girl_3,Karen,Parker,karen_parkerrumble_fishlake_girl_3
sussannah_darcy,rumble_fish,lake_girl_4,Sussannah,Darcy,sussannah_darcyrumble_fishlake_girl_4
kristi_somers,rumble_fish,lake_girl_5,Kristi,Somers,kristi_somersrumble_fishlake_girl_5
heather_langenkamp,rumble_fish,,Heather,Langenkamp,heather_langenkamprumble_fish
donna_dixon,spies_like_us,karen_boyer,Donna,Dixon,donna_dixonspies_like_uskaren_boyer
vanessa_angel,spies_like_us,russian_rocket_crew,Vanessa,Angel,vanessa_angelspies_like_usrussian_rocket_crew
svetlana_plotnikova,spies_like_us,russian_rocket_crew,Svetlana,Plotnikova,svetlana_plotnikovaspies_like_usrussian_rocket_crew
heidi_sorenson,spies_like_us,alice_fitz_hume_s_supervisor,Heidi,Sorenson,heidi_sorensonspies_like_usalice_fitz_hume_s_supervisor
margo_random,spies_like_us,reporter,Margo,Random,margo_randomspies_like_usreporter
gusti_bogok,spies_like_us,dr_la_fong,Gusti,Bogok,gusti_bogokspies_like_usdr_la_fong
sally_anlauf,spies_like_us,wamp_technician,Sally,Anlauf,sally_anlaufspies_like_uswamp_technician
heather_henson,spies_like_us,teenage_girl,Heather,Henson,heather_hensonspies_like_usteenage_girl
erin_folsey,spies_like_us,teenage_girl,Erin,Folsey,erin_folseyspies_like_usteenage_girl
nancy_gair,spies_like_us,student,Nancy,Gair,nancy_gairspies_like_usstudent
natalie_portman,star_wars_episode_i__the_phantom_menace,queen_padm_naberrie_amidala,Natalie,Portman,natalie_portmanstar_wars_episode_i__the_phantom_menacequeen_padm_naberrie_amidala
pernilla_august,star_wars_episode_i__the_phantom_menace,shmi_skywalker,Pernilla,August,pernilla_auguststar_wars_episode_i__the_phantom_menaceshmi_skywalker
celia_imrie,star_wars_episode_i__the_phantom_menace,fighter_pilot_bravo_5,Celia,Imrie,celia_imriestar_wars_episode_i__the_phantom_menacefighter_pilot_bravo_5
karol_cristina_da_silva,star_wars_episode_i__the_phantom_menace,rab,Karol,Silva,karol_cristina_da_silvastar_wars_episode_i__the_phantom_menacerab
liz_wilson,star_wars_episode_i__the_phantom_menace,eirta,Liz,Wilson,liz_wilsonstar_wars_episode_i__the_phantom_menaceeirta
candice_orwell,star_wars_episode_i__the_phantom_menace,yan,Candice,Orwell,candice_orwellstar_wars_episode_i__the_phantom_menaceyan
sofia_coppola,star_wars_episode_i__the_phantom_menace,sach,Sofia,Coppola,sofia_coppolastar_wars_episode_i__the_phantom_menacesach
keira_knightley,star_wars_episode_i__the_phantom_menace,sab__queen_s_decoy,Keira,Knightley,keira_knightleystar_wars_episode_i__the_phantom_menacesab__queen_s_decoy
bronagh_gallagher,star_wars_episode_i__the_phantom_menace,radiant_vii_captain,Bronagh,Gallagher,bronagh_gallagherstar_wars_episode_i__the_phantom_menaceradiant_vii_captain
margaret_towner,star_wars_episode_i__the_phantom_menace,jira,Margaret,Towner,margaret_townerstar_wars_episode_i__the_phantom_menacejira
katie_lucas,star_wars_episode_i__the_phantom_menace,amee,Katie,Lucas,katie_lucasstar_wars_episode_i__the_phantom_menaceamee
megan_udall,star_wars_episode_i__the_phantom_menace,melee,Megan,Udall,megan_udallstar_wars_episode_i__the_phantom_menacemelee
gin_clarke,star_wars_episode_i__the_phantom_menace,adi_gallia,Gin,Clarke,gin_clarkestar_wars_episode_i__the_phantom_menaceadi_gallia
michelle_taylor,star_wars_episode_i__the_phantom_menace,yarael_poof,Michelle,Taylor,michelle_taylorstar_wars_episode_i__the_phantom_menaceyarael_poof
michaela_cottrell,star_wars_episode_i__the_phantom_menace,even_piell,Michaela,Cottrell,michaela_cottrellstar_wars_episode_i__the_phantom_menaceeven_piell
dipika_o_neill_joti,star_wars_episode_i__the_phantom_menace,depa_billaba,Dipika,Joti,dipika_o_neill_jotistar_wars_episode_i__the_phantom_menacedepa_billaba
lindsay_duncan,star_wars_episode_i__the_phantom_menace,tc_14,Lindsay,Duncan,lindsay_duncanstar_wars_episode_i__the_phantom_menacetc_14
amanda_lucas,star_wars_episode_i__the_phantom_menace,tey_how,Amanda,Lucas,amanda_lucasstar_wars_episode_i__the_phantom_menacetey_how
amy_allen,star_wars_episode_i__the_phantom_menace,twi_lek_senatorial_aide_dvd_deleted_scenes,Amy,Allen,amy_allenstar_wars_episode_i__the_phantom_menacetwi_lek_senatorial_aide_dvd_deleted_scenes
trisha_biggar,star_wars_episode_i__the_phantom_menace,orn_free_taa_s_aide,Trisha,Biggar,trisha_biggarstar_wars_episode_i__the_phantom_menaceorn_free_taa_s_aide
michonne_bourriague,star_wars_episode_i__the_phantom_menace,aurra_sing,Michonne,Bourriague,michonne_bourriaguestar_wars_episode_i__the_phantom_menaceaurra_sing
nifa_hindes,star_wars_episode_i__the_phantom_menace,ann_gella,Nifa,Hindes,nifa_hindesstar_wars_episode_i__the_phantom_menaceann_gella
nishan_hindes,star_wars_episode_i__the_phantom_menace,tann_gella,Nishan,Hindes,nishan_hindesstar_wars_episode_i__the_phantom_menacetann_gella
madison_lloyd,star_wars_episode_i__the_phantom_menace,princess_ellie,Madison,Lloyd,madison_lloydstar_wars_episode_i__the_phantom_menaceprincess_ellie
michelle_adams_meeker,torrance_rises,herself,Michelle,Meeker,michelle_adams_meekertorrance_risesherself
ashley_barnett,torrance_rises,herself,Ashley,Barnett,ashley_barnetttorrance_risesherself
dee_buchanan,torrance_rises,herself,Dee,Buchanan,dee_buchanantorrance_risesherself
sofia_coppola,torrance_rises,herself,Sofia,Coppola,sofia_coppolatorrance_risesherself
renee_diamond,torrance_rises,herself,Renee,Diamond,renee_diamondtorrance_risesherself
janeane_garofalo,torrance_rises,janeane_garofalo,Janeane,Garofalo,janeane_garofalotorrance_risesjaneane_garofalo
allison_lynch,torrance_rises,herself,Allison,Lynch,allison_lynchtorrance_risesherself
madonna,torrance_rises,madonna,Madonna,,madonnatorrance_risesmadonna
lonne_g_moretton,torrance_rises,herself,Lonne,Moretton,lonne_g_morettontorrance_risesherself
joyeve_palffy,torrance_rises,herself,Joyeve,Palffy,joyeve_palffytorrance_risesherself
kristine_petrucione,torrance_rises,herself,Kristine,Petrucione,kristine_petrucionetorrance_risesherself
cynthia_m_reed,torrance_rises,herself,Cynthia,Reed,cynthia_m_reedtorrance_risesherself
danette_e_sheppard,torrance_rises,herself,Danette,Sheppard,danette_e_sheppardtorrance_risesherself
michelle_weber,torrance_rises,herself,Michelle,Weber,michelle_webertorrance_risesherself
suzy_amis,the_usual_suspects,edie_finneran,Suzy,Amis,suzy_amisthe_usual_suspectsedie_finneran
christine_estabrook,the_usual_suspects,dr_plummer,Christine,Estabrook,christine_estabrookthe_usual_suspectsdr_plummer
michelle_clunie,the_usual_suspects,sketch_artist,Michelle,Clunie,michelle_cluniethe_usual_suspectssketch_artist
smadar_hanson,the_usual_suspects,keyser_s_wife,Smadar,Hanson,smadar_hansonthe_usual_suspectskeyser_s_wife
kathleen_turner,the_virgin_suicides,mrs_lisbon,Kathleen,Turner,kathleen_turnerthe_virgin_suicidesmrs_lisbon
kirsten_dunst,the_virgin_suicides,lux_lisbon,Kirsten,Dunst,kirsten_dunstthe_virgin_suicideslux_lisbon
a_j_cook,the_virgin_suicides,mary_lisbon,A,Cook,a_j_cookthe_virgin_suicidesmary_lisbon
hanna_r_hall,the_virgin_suicides,cecilia_lisbon,Hanna,Hall,hanna_r_hallthe_virgin_suicidescecilia_lisbon
leslie_hayman,the_virgin_suicides,therese_lisbon,Leslie,Hayman,leslie_haymanthe_virgin_suicidestherese_lisbon
chelse_swain,the_virgin_suicides,bonnie_lisbon,Chelse,Swain,chelse_swainthe_virgin_suicidesbonnie_lisbon
suki_kaiser,the_virgin_suicides,lydia_perl,Suki,Kaiser,suki_kaiserthe_virgin_suicideslydia_perl
dawn_greenhalgh,the_virgin_suicides,mrs_scheer,Dawn,Greenhalgh,dawn_greenhalghthe_virgin_suicidesmrs_scheer
sherry_miller,the_virgin_suicides,mrs_buell,Sherry,Miller,sherry_millerthe_virgin_suicidesmrs_buell
michelle_duquet,the_virgin_suicides,mrs_denton,Michelle,Duquet,michelle_duquetthe_virgin_suicidesmrs_denton
roberta_hanley,the_virgin_suicides,mrs_weiner,Roberta,Hanley,roberta_hanleythe_virgin_suicidesmrs_weiner
susan_sybersma,the_virgin_suicides,mrs_larson,Susan,Sybersma,susan_sybersmathe_virgin_suicidesmrs_larson
kristin_fairlie,the_virgin_suicides,amy_schraff,Kristin,Fairlie,kristin_fairliethe_virgin_suicidesamy_schraff
melody_johnson,the_virgin_suicides,julie,Melody,Johnson,melody_johnsonthe_virgin_suicidesjulie
sheyla_molho,the_virgin_suicides,danielle,Sheyla,Molho,sheyla_molhothe_virgin_suicidesdanielle
ashley_ainsworth,the_virgin_suicides,sheila_davis,Ashley,Ainsworth,ashley_ainsworththe_virgin_suicidessheila_davis
courtney_hawkrigg,the_virgin_suicides,grace,Courtney,Hawkrigg,courtney_hawkriggthe_virgin_suicidesgrace
marilyn_smith,the_virgin_suicides,mrs_woodhouse,Marilyn,Smith,marilyn_smiththe_virgin_suicidesmrs_woodhouse
sally_cahill,the_virgin_suicides,mrs_hedlie,Sally,Cahill,sally_cahillthe_virgin_suicidesmrs_hedlie
tracy_ferencz,the_virgin_suicides,nurse,Tracy,Ferencz,tracy_ferenczthe_virgin_suicidesnurse
catherine_swing,the_virgin_suicides,mrs_o_conner,Catherine,Swing,catherine_swingthe_virgin_suicidesmrs_o_conner
sarah_minhas,the_virgin_suicides,wanda_brown,Sarah,Minhas,sarah_minhasthe_virgin_suicideswanda_brown
megan_kennedy,the_virgin_suicides,cheerleader,Megan,Kennedy,megan_kennedythe_virgin_suicidescheerleader
sandi_stahlbrand,the_virgin_suicides,meredith_thompson,Sandi,Stahlbrand,sandi_stahlbrandthe_virgin_suicidesmeredith_thompson
jaya_karsemeyer,the_virgin_suicides,gloria,Jaya,Karsemeyer,jaya_karsemeyerthe_virgin_suicidesgloria
leah_straatsma,the_virgin_suicides,rannie,Leah,Straatsma,leah_straatsmathe_virgin_suicidesrannie
marianne_moroney,the_virgin_suicides,teacher,Marianne,Moroney,marianne_moroneythe_virgin_suicidesteacher
anne_wessels,the_virgin_suicides,woman_in_chiffon,Anne,Wessels,anne_wesselsthe_virgin_suicideswoman_in_chiffon
mandy_lee_jones,the_virgin_suicides,student,Mandy,Jones,mandy_lee_jonesthe_virgin_suicidesstudent
scarlett_johansson,an_american_rhapsody,suzanne_sandor_at_15,Scarlett,Johansson,scarlett_johanssonan_american_rhapsodysuzanne_sandor_at_15
nastassja_kinski,an_american_rhapsody,margit_sandor,Nastassja,Kinski,nastassja_kinskian_american_rhapsodymargit_sandor
raffaella_b_ns_gi,an_american_rhapsody,suzanne_infant,Raffaella,Gi,raffaella_b_ns_gian_american_rhapsodysuzanne_infant
gnes_b_nfalvy,an_american_rhapsody,helen,Gnes,Nfalvy,gnes_b_nfalvyan_american_rhapsodyhelen
klaudia_szab,an_american_rhapsody,maria_at_4,Klaudia,Szab,klaudia_szaban_american_rhapsodymaria_at_4
erzsi_p_sztor,an_american_rhapsody,ilus,Erzsi,Sztor,erzsi_p_sztoran_american_rhapsodyilus
bori_kereszturi,an_american_rhapsody,suzanne_at_3,Bori,Kereszturi,bori_kereszturian_american_rhapsodysuzanne_at_3
zsuzsa_czink_czi,an_american_rhapsody,teri,Zsuzsa,Czi,zsuzsa_czink_czian_american_rhapsodyteri
kata_dob,an_american_rhapsody,claire,Kata,Dob,kata_doban_american_rhapsodyclaire
va_sz_r_nyi,an_american_rhapsody,eva,Va,Nyi,va_sz_r_nyian_american_rhapsodyeva
lisa_jane_persky,an_american_rhapsody,pattie,Lisa,Persky,lisa_jane_perskyan_american_rhapsodypattie
colleen_camp,an_american_rhapsody,dottie,Colleen,Camp,colleen_campan_american_rhapsodydottie
kelly_endresz_banlaki,an_american_rhapsody,suzanne_at_6,Kelly,Banlaki,kelly_endresz_banlakian_american_rhapsodysuzanne_at_6
imola_g_sp_r,an_american_rhapsody,stewardess,Imola,R,imola_g_sp_ran_american_rhapsodystewardess
tatyana_kanavka,an_american_rhapsody,girl_in_airport,Tatyana,Kanavka,tatyana_kanavkaan_american_rhapsodygirl_in_airport
mae_whitman,an_american_rhapsody,maria_at_10,Mae,Whitman,mae_whitmanan_american_rhapsodymaria_at_10
lorna_scott,an_american_rhapsody,neighbor_with_poodle,Lorna,Scott,lorna_scottan_american_rhapsodyneighbor_with_poodle
sandra_staggs,an_american_rhapsody,saleswoman,Sandra,Staggs,sandra_staggsan_american_rhapsodysaleswoman
jacqueline_steiger,an_american_rhapsody,betty,Jacqueline,Steiger,jacqueline_steigeran_american_rhapsodybetty
marlee_jackson,an_american_rhapsody,sheila_at_7,Marlee,Jackson,marlee_jacksonan_american_rhapsodysheila_at_7
emmy_rossum,an_american_rhapsody,sheila_at_15,Emmy,Rossum,emmy_rossuman_american_rhapsodysheila_at_15
larisa_oleynik,an_american_rhapsody,maria_sandor_at_18,Larisa,Oleynik,larisa_oleynikan_american_rhapsodymaria_sandor_at_18
kati_b_cs,an_american_rhapsody,woman_1_at_market,Kati,Cs,kati_b_csan_american_rhapsodywoman_1_at_market
zsuzsa_sz_ger,an_american_rhapsody,woman_2_at_market,Zsuzsa,Ger,zsuzsa_sz_geran_american_rhapsodywoman_2_at_market
va_g_rdos,an_american_rhapsody,suzanne_sandor_in_family_picture_age_6,Va,Rdos,va_g_rdosan_american_rhapsodysuzanne_sandor_in_family_picture_age_6
scarlett_johansson,the_black_dahlia,kay_lake,Scarlett,Johansson,scarlett_johanssonthe_black_dahliakay_lake
hilary_swank,the_black_dahlia,madeleine_linscott,Hilary,Swank,hilary_swankthe_black_dahliamadeleine_linscott
mia_kirshner,the_black_dahlia,elizabeth_short,Mia,Kirshner,mia_kirshnerthe_black_dahliaelizabeth_short
judith_benezra,the_black_dahlia,,Judith,Benezra,judith_benezrathe_black_dahlia
claudia_katz,the_black_dahlia,frolic_bartender,Claudia,Katz,claudia_katzthe_black_dahliafrolic_bartender
laura_kightlinger,the_black_dahlia,hooker,Laura,Kightlinger,laura_kightlingerthe_black_dahliahooker
rose_mcgowan,the_black_dahlia,sheryl_saddon,Rose,McGowan,rose_mcgowanthe_black_dahliasheryl_saddon
rachel_miner,the_black_dahlia,,Rachel,Miner,rachel_minerthe_black_dahlia
stephanie_l_moore,the_black_dahlia,pretty_girl,Stephanie,Moore,stephanie_l_moorethe_black_dahliapretty_girl
jemima_rooper,the_black_dahlia,,Jemima,Rooper,jemima_rooperthe_black_dahlia
fiona_shaw,the_black_dahlia,,Fiona,Shaw,fiona_shawthe_black_dahlia
amanda_de_cadenet,fall,sarah,Amanda,Cadenet,amanda_de_cadenetfallsarah
francie_swift,fall,robin,Francie,Swift,francie_swiftfallrobin
lisa_vidal,fall,sally,Lisa,Vidal,lisa_vidalfallsally
roberta_maxwell,fall,joan_alterman,Roberta,Maxwell,roberta_maxwellfalljoan_alterman
scarlett_johansson,fall,little_girl,Scarlett,Johansson,scarlett_johanssonfalllittle_girl
ellen_barber,fall,woman,Ellen,Barber,ellen_barberfallwoman
tea_leoni,spanglish,deborah_clasky,Téa,Leoni,tea_leonispanglishdeborah_clasky
paz_vega,spanglish,flor,Paz,Vega,paz_vegaspanglishflor
cloris_leachman,spanglish,evelyn,Cloris,Leachman,cloris_leachmanspanglishevelyn
shelbie_bruce,spanglish,cristina,Shelbie,Bruce,shelbie_brucespanglishcristina
sarah_steele,spanglish,bernice,Sarah,Steele,sarah_steelespanglishbernice
cecilia_suarez,spanglish,monica,Cecilia,Suárez,cecilia_suarezspanglishmonica
brenda_canela,spanglish,luz,Brenda,Canela,brenda_canelaspanglishluz
kari_wuhrer,eight_legged_freaks,sheriff_samantha_parker,Kari,Wuhrer,kari_wuhrereight_legged_freakssheriff_samantha_parker
scarlett_johansson,eight_legged_freaks,ashley_parker,Scarlett,Johansson,scarlett_johanssoneight_legged_freaksashley_parker
eileen_ryan,eight_legged_freaks,gladys,Eileen,Ryan,eileen_ryaneight_legged_freaksgladys
jane_edith_wilson,eight_legged_freaks,emma,Jane,Wilson,jane_edith_wilsoneight_legged_freaksemma
randi_j_klein,eight_legged_freaks,waitress_1,Randi,Klein,randi_j_kleineight_legged_freakswaitress_1
terey_summers,eight_legged_freaks,waitress_2,Terey,Summers,terey_summerseight_legged_freakswaitress_2
thora_birch,ghost_world,enid,Thora,Birch,thora_birchghost_worldenid
scarlett_johansson,ghost_world,rebecca,Scarlett,Johansson,scarlett_johanssonghost_worldrebecca
illeana_douglas,ghost_world,roberta_allsworth,Illeana,Douglas,illeana_douglasghost_worldroberta_allsworth
stacey_travis,ghost_world,dana,Stacey,Travis,stacey_travisghost_worlddana
debra_azar,ghost_world,melora,Debra,Azar,debra_azarghost_worldmelora
rini_bell,ghost_world,graduation_speaker,Rini,Bell,rini_bellghost_worldgraduation_speaker
lindsey_girardot,ghost_world,vanilla__graduation_rapper,Lindsey,Girardot,lindsey_girardotghost_worldvanilla__graduation_rapper
joy_bisco,ghost_world,jade__graduation_rapper,Joy,Bisco,joy_biscoghost_worldjade__graduation_rapper
venus_demilo,ghost_world,ebony__graduation_rapper,Venus,Demilo,venus_demiloghost_worldebony__graduation_rapper
ashley_peldon,ghost_world,margaret__art_class,Ashley,Peldon,ashley_peldonghost_worldmargaret__art_class
janece_jordan,ghost_world,black_girl__art_class,Janece,Jordan,janece_jordanghost_worldblack_girl__art_class
kaileigh_martin,ghost_world,snotty_girl__art_class,Kaileigh,Martin,kaileigh_martinghost_worldsnotty_girl__art_class
dylan_jones,ghost_world,red_haired_girl__blues_club,Dylan,Jones,dylan_jonesghost_worldred_haired_girl__blues_club
debi_derryberry,ghost_world,rude_coffee_customer,Debi,Derryberry,debi_derryberryghost_worldrude_coffee_customer
mary_bogue,ghost_world,popcorn_customer,Mary,Bogue,mary_bogueghost_worldpopcorn_customer
lauren_bowles,ghost_world,angry_garage_sale_woman,Lauren,Bowles,lauren_bowlesghost_worldangry_garage_sale_woman
lorna_scott,ghost_world,phyllis_the_art_show_curator,Lorna,Scott,lorna_scottghost_worldphyllis_the_art_show_curator
diane_salinger,ghost_world,psychiatrist,Diane,Salinger,diane_salingerghost_worldpsychiatrist
anna_berger,ghost_world,seymour_s_mother,Anna,Berger,anna_bergerghost_worldseymour_s_mother
joan_m_blair,ghost_world,lady_crossing_street_slowly,Joan,Blair,joan_m_blairghost_worldlady_crossing_street_slowly
teri_garr,ghost_world,maxine,Teri,Garr,teri_garrghost_worldmaxine
margaret_kontra_palmer,ghost_world,lady_at_garage_sale,Margaret,Palmer,margaret_kontra_palmerghost_worldlady_at_garage_sale
michelle_marie_white,ghost_world,mom_in_convenience_store,Michelle,White,michelle_marie_whiteghost_worldmom_in_convenience_store
helen_hunt,a_good_woman,mrs_erlynne,Helen,Hunt,helen_hunta_good_womanmrs_erlynne
scarlett_johansson,a_good_woman,meg_windermere,Scarlett,Johansson,scarlett_johanssona_good_womanmeg_windermere
milena_vukotic,a_good_woman,contessa_lucchino,Milena,Vukotic,milena_vukotica_good_womancontessa_lucchino
giorgia_massetti,a_good_woman,alessandra,Giorgia,Massetti,giorgia_massettia_good_womanalessandra
diana_hardcastle,a_good_woman,lady_plymdale,Diana,Hardcastle,diana_hardcastlea_good_womanlady_plymdale
shara_orano,a_good_woman,francesca,Shara,Orano,shara_oranoa_good_womanfrancesca
jane_how,a_good_woman,mrs_stutfield,Jane,How,jane_howa_good_womanmrs_stutfield
valentina_d_uva,a_good_woman,giuseppina_glove_shop_girl,Valentina,D'Uva,valentina_d_uvaa_good_womangiuseppina_glove_shop_girl
carolina_levi,a_good_woman,dress_shop_salesgirl,Carolina,Levi,carolina_levia_good_womandress_shop_salesgirl
daniela_stanga,a_good_woman,dress_shop_owner,Daniela,Stanga,daniela_stangaa_good_womandress_shop_owner
arianna_mansi,a_good_woman,stella_s_maid_1,Arianna,Mansi,arianna_mansia_good_womanstella_s_maid_1
camilla_bertocci,a_good_woman,stella_s_maid_2,Camilla,Bertocci,camilla_bertoccia_good_womanstella_s_maid_2
nichola_aigner,a_good_woman,mrs_gowper,Nichola,Aigner,nichola_aignera_good_womanmrs_gowper
sarah_jessica_parker,if_lucy_fell,lucy_ackerman,Sarah,Parker,sarah_jessica_parkerif_lucy_felllucy_ackerman
elle_macpherson,if_lucy_fell,jane_lindquist,Elle,Macpherson,elle_macphersonif_lucy_felljane_lindquist
scarlett_johansson,if_lucy_fell,emily,Scarlett,Johansson,scarlett_johanssonif_lucy_fellemily
emily_hart,if_lucy_fell,eddy,Emily,Hart,emily_hartif_lucy_felleddy
alice_spivak,if_lucy_fell,elegant_middle_aged_woman,Alice,Spivak,alice_spivakif_lucy_fellelegant_middle_aged_woman
lisa_gerstein,if_lucy_fell,saleswoman,Lisa,Gerstein,lisa_gersteinif_lucy_fellsaleswoman
molly_schulman,if_lucy_fell,kid,Molly,Schulman,molly_schulmanif_lucy_fellkid
amanda_kravat,if_lucy_fell,woman_in_park,Amanda,Kravat,amanda_kravatif_lucy_fellwoman_in_park
leonor_watling,the_oxford_murders,lorna,Leonor,Watling,leonor_watlingthe_oxford_murderslorna
julie_cox,the_oxford_murders,beth,Julie,Cox,julie_coxthe_oxford_murdersbeth
anna_massey,the_oxford_murders,mrs_eagleton,Anna,Massey,anna_masseythe_oxford_murdersmrs_eagleton
rya_kihlstedt,home_alone_3,alice_ribbons,Rya,Kihlstedt,rya_kihlstedthome_alone_3alice_ribbons
haviland_morris,home_alone_3,karen_pruitt,Haviland,Morris,haviland_morrishome_alone_3karen_pruitt
marian_seldes,home_alone_3,mrs_hess,Marian,Seldes,marian_seldeshome_alone_3mrs_hess
scarlett_johansson,home_alone_3,molly_pruitt,Scarlett,Johansson,scarlett_johanssonhome_alone_3molly_pruitt
krista_lally,home_alone_3,dispatcher,Krista,Lally,krista_lallyhome_alone_3dispatcher
adrianne_duncan,home_alone_3,flight_attendant,Adrianne,Duncan,adrianne_duncanhome_alone_3flight_attendant
sharon_sachs,home_alone_3,annoying_woman,Sharon,Sachs,sharon_sachshome_alone_3annoying_woman
jennifer_a_daley,home_alone_3,police_photographer_2,Jennifer,Daley,jennifer_a_daleyhome_alone_3police_photographer_2
caryn_cheever,home_alone_3,ticketing_agent,Caryn,Cheever,caryn_cheeverhome_alone_3ticketing_agent
sarah_godshaw,home_alone_3,latchkey_girl,Sarah,Godshaw,sarah_godshawhome_alone_3latchkey_girl
kelly_ann_marquart,home_alone_3,girl_on_sidewalk,Kelly,Marquart,kelly_ann_marquarthome_alone_3girl_on_sidewalk
kristin_scott_thomas,the_horse_whisperer,annie_maclean,Kristin,Thomas,kristin_scott_thomasthe_horse_whispererannie_maclean
dianne_wiest,the_horse_whisperer,diane_booker,Dianne,Wiest,dianne_wiestthe_horse_whispererdiane_booker
scarlett_johansson,the_horse_whisperer,grace_maclean,Scarlett,Johansson,scarlett_johanssonthe_horse_whisperergrace_maclean
cherry_jones,the_horse_whisperer,liz_hammond,Cherry,Jones,cherry_jonesthe_horse_whispererliz_hammond
kate_bosworth,the_horse_whisperer,judith,Kate,Bosworth,kate_bosworththe_horse_whispererjudith
jeanette_nolan,the_horse_whisperer,ellen_booker,Jeanette,Nolan,jeanette_nolanthe_horse_whispererellen_booker
jessalyn_gilsig,the_horse_whisperer,lucy_annie_s_assistant,Jessalyn,Gilsig,jessalyn_gilsigthe_horse_whispererlucy_annie_s_assistant
kathy_baldwin_keenan,the_horse_whisperer,nurse_1,Kathy,Keenan,kathy_baldwin_keenanthe_horse_whisperernurse_1
allison_moorer,the_horse_whisperer,barn_dance_vocalist,Allison,Moorer,allison_moorerthe_horse_whispererbarn_dance_vocalist
kellee_sweeney,the_horse_whisperer,nurse_2,Kellee,Sweeney,kellee_sweeneythe_horse_whisperernurse_2
joelle_carter,the_horse_whisperer,office_worker_1,Joelle,Carter,joelle_carterthe_horse_whispereroffice_worker_1
sunny_chae,the_horse_whisperer,office_worker_2,Sunny,Chae,sunny_chaethe_horse_whispereroffice_worker_2
anne_joyce,the_horse_whisperer,office_worker_3,Anne,Joyce,anne_joycethe_horse_whispereroffice_worker_3
tara_sobeck,the_horse_whisperer,schoolgirl_1,Tara,Sobeck,tara_sobeckthe_horse_whispererschoolgirl_1
kristy_ann_servidio,the_horse_whisperer,schoolgirl_2,Kristy,Servidio,kristy_ann_servidiothe_horse_whispererschoolgirl_2
marie_engle,the_horse_whisperer,neighbor,Marie,Engle,marie_englethe_horse_whispererneighbor
tammy_pate,the_horse_whisperer,roper,Tammy,Pate,tammy_patethe_horse_whispererroper
gloria_lynne_henry,the_horse_whisperer,member_of_magazine_staff,Gloria,Henry,gloria_lynne_henrythe_horse_whisperermember_of_magazine_staff
keira_knightley,pride__prejudice,elizabeth_bennet,Keira,Knightley,keira_knightleypride__prejudiceelizabeth_bennet
talulah_riley,pride__prejudice,mary_bennet,Talulah,Riley,talulah_rileypride__prejudicemary_bennet
rosamund_pike,pride__prejudice,jane_bennet,Rosamund,Pike,rosamund_pikepride__prejudicejane_bennet
jena_malone,pride__prejudice,lydia_bennet,Jena,Malone,jena_malonepride__prejudicelydia_bennet
carey_mulligan,pride__prejudice,kitty_bennet,Carey,Mulligan,carey_mulliganpride__prejudicekitty_bennet
brenda_blethyn,pride__prejudice,mrs_bennet,Brenda,Blethyn,brenda_blethynpride__prejudicemrs_bennet
claudie_blakley,pride__prejudice,charlotte_lucas,Claudie,Blakley,claudie_blakleypride__prejudicecharlotte_lucas
kelly_reilly,pride__prejudice,caroline_bingley,Kelly,Reilly,kelly_reillypride__prejudicecaroline_bingley
scarlett_johansson,in_good_company,alex_foreman,Scarlett,Johansson,scarlett_johanssonin_good_companyalex_foreman
marg_helgenberger,in_good_company,ann_foreman,Marg,Helgenberger,marg_helgenbergerin_good_companyann_foreman
selma_blair,in_good_company,kimberly,Selma,Blair,selma_blairin_good_companykimberly
amy_aquino,in_good_company,alicia,Amy,Aquino,amy_aquinoin_good_companyalicia
zena_grey,in_good_company,jana_foreman,Zena,Grey,zena_greyin_good_companyjana_foreman
colleen_camp,in_good_company,receptionist,Colleen,Camp,colleen_campin_good_companyreceptionist
lauren_tom,in_good_company,obstetrician,Lauren,Tom,lauren_tomin_good_companyobstetrician
francesca_roberts,in_good_company,loan_officer,Francesca,Roberts,francesca_robertsin_good_companyloan_officer
katherine_ellis,in_good_company,maya__roommate,Katherine,Ellis,katherine_ellisin_good_companymaya__roommate
jeanne_kort,in_good_company,saleswoman,Jeanne,Kort,jeanne_kortin_good_companysaleswoman
shar_washington,in_good_company,fired_employee,Shar,Washington,shar_washingtonin_good_companyfired_employee
rebecca_hedrick,in_good_company,teddy_k_s_assistant,Rebecca,Hedrick,rebecca_hedrickin_good_companyteddy_k_s_assistant
roma_torre,in_good_company,anchorwoman,Roma,Torre,roma_torrein_good_companyanchorwoman
michalina_almindo,in_good_company,hector_s_date,Michalina,Almindo,michalina_almindoin_good_companyhector_s_date
claudia_barroso,in_good_company,bar_patron,Claudia,Barroso,claudia_barrosoin_good_companybar_patron
jaclynn_tiffany_brown,in_good_company,basketball_player,Jaclynn,Brown,jaclynn_tiffany_brownin_good_companybasketball_player
loretta_shenosky,in_good_company,kalb_s_assistant,Loretta,Shenosky,loretta_shenoskyin_good_companykalb_s_assistant
kate_capshaw,just_cause,laurie_armstrong,Kate,Capshaw,kate_capshawjust_causelaurie_armstrong
ruby_dee,just_cause,evangeline,Ruby,Dee,ruby_deejust_causeevangeline
scarlett_johansson,just_cause,kate_armstrong,Scarlett,Johansson,scarlett_johanssonjust_causekate_armstrong
liz_torres,just_cause,delores_rodriguez,Liz,Torres,liz_torresjust_causedelores_rodriguez
lynne_thigpen,just_cause,ida_conklin,Lynne,Thigpen,lynne_thigpenjust_causeida_conklin
taral_hicks,just_cause,lena_brown,Taral,Hicks,taral_hicksjust_causelena_brown
hope_lange,just_cause,libby_prentiss,Hope,Lange,hope_langejust_causelibby_prentiss
brooke_alderson,just_cause,dr_doliveau,Brooke,Alderson,brooke_aldersonjust_causedr_doliveau
colleen_fitzpatrick,just_cause,prosecutor,Colleen,Fitzpatrick,colleen_fitzpatrickjust_causeprosecutor
barbara_jean_kane,just_cause,joanie_shriver,Barbara,Kane,barbara_jean_kanejust_causejoanie_shriver
marie_hyman,just_cause,clerk,Marie,Hyman,marie_hymanjust_causeclerk
melanie_hughes,just_cause,receptionist,Melanie,Hughes,melanie_hughesjust_causereceptionist
megan_meinardus,just_cause,slumber_party_girl,Megan,Meinardus,megan_meinardusjust_causeslumber_party_girl
melissa_hood_julien,just_cause,slumber_party_girl,Melissa,Julien,melissa_hood_julienjust_causeslumber_party_girl
jenna_del_buono,just_cause,slumber_party_girl,Jenna,Buono,jenna_del_buonojust_causeslumber_party_girl
ashley_popelka,just_cause,slumber_party_girl,Ashley,Popelka,ashley_popelkajust_causeslumber_party_girl
marisa_perry,just_cause,slumber_party_girl,Marisa,Perry,marisa_perryjust_causeslumber_party_girl
ashley_council,just_cause,slumber_party_girl,Ashley,Council,ashley_counciljust_causeslumber_party_girl
augusta_lundsgaard,just_cause,slumber_party_girl,Augusta,Lundsgaard,augusta_lundsgaardjust_causeslumber_party_girl
connie_lee_brown,just_cause,prison_guard,Connie,Brown,connie_lee_brownjust_causeprison_guard
karen_leeds,just_cause,reporter,Karen,Leeds,karen_leedsjust_causereporter
stacie_a_zinn,just_cause,reporter,Stacie,Zinn,stacie_a_zinnjust_causereporter
kylie_delre,just_cause,woman_in_courtroom,Kylie,Delre,kylie_delrejust_causewoman_in_courtroom
deborah_smith_ford,just_cause,medical_examiner,Deborah,Ford,deborah_smith_fordjust_causemedical_examiner
scarlett_johansson,the_island,jordan_two_delta_sarah_jordan,Scarlett,Johansson,scarlett_johanssonthe_islandjordan_two_delta_sarah_jordan
noa_tishby,the_island,community_announcer,Noa,Tishby,noa_tishbythe_islandcommunity_announcer
siobhan_flynn,the_island,lima_one_alpha,Siobhan,Flynn,siobhan_flynnthe_islandlima_one_alpha
kathleen_rose_perkins,the_island,laurent_team_member,Kathleen,Perkins,kathleen_rose_perkinsthe_islandlaurent_team_member
svetlana_efremova,the_island,harvest_midwife,Svetlana,Efremova,svetlana_efremovathe_islandharvest_midwife
katy_boyer,the_island,harvest_surgeon,Katy,Boyer,katy_boyerthe_islandharvest_surgeon
yvette_nicole_brown,the_island,harvest_nurse,Yvette,Brown,yvette_nicole_brownthe_islandharvest_nurse
taylor_gilbert,the_island,harvest_nurse,Taylor,Gilbert,taylor_gilbertthe_islandharvest_nurse
wendy_haines,the_island,harvest_nurse,Wendy,Haines,wendy_hainesthe_islandharvest_nurse
olivia_tracey,the_island,dept_of_operations_agnate,Olivia,Tracey,olivia_traceythe_islanddept_of_operations_agnate
mary_pat_gleason,the_island,nutrition_clerk,Mary,Gleason,mary_pat_gleasonthe_islandnutrition_clerk
ashley_yegan,the_island,stim_bar_bartender,Ashley,Yegan,ashley_yeganthe_islandstim_bar_bartender
whitney_dylan,the_island,client_services_operator,Whitney,Dylan,whitney_dylanthe_islandclient_services_operator
mitzi_martin,the_island,atrium_tour_guide,Mitzi,Martin,mitzi_martinthe_islandatrium_tour_guide
shelby_leverington,the_island,tour_group_woman,Shelby,Leverington,shelby_leveringtonthe_islandtour_group_woman
shawnee_smith,the_island,suzie,Shawnee,Smith,shawnee_smiththe_islandsuzie
sage_thomas,the_island,girl_at_beach,Sage,Thomas,sage_thomasthe_islandgirl_at_beach
jenae_altschwager,the_island,kim,Jenae,Altschwager,jenae_altschwagerthe_islandkim
mary_castro,the_island,busty_dancer_in_bar,Mary,Castro,mary_castrothe_islandbusty_dancer_in_bar
jennifer_secord,the_island,patron,Jennifer,Secord,jennifer_secordthe_islandpatron
scarlett_johansson,a_love_song_for_bobby_long,pursy_will,Scarlett,Johansson,scarlett_johanssona_love_song_for_bobby_longpursy_will
deborah_kara_unger,a_love_song_for_bobby_long,georgianna,Deborah,Unger,deborah_kara_ungera_love_song_for_bobby_longgeorgianna
carol_sutton,a_love_song_for_bobby_long,ruthie,Carol,Sutton,carol_suttona_love_song_for_bobby_longruthie
gina_ginger_bernal,a_love_song_for_bobby_long,waitress,Gina,Bernal,gina_ginger_bernala_love_song_for_bobby_longwaitress
leanne_cochran,a_love_song_for_bobby_long,streetcar_girl,Leanne,Cochran,leanne_cochrana_love_song_for_bobby_longstreetcar_girl
brooke_allen,a_love_song_for_bobby_long,sandy,Brooke,Allen,brooke_allena_love_song_for_bobby_longsandy
mary_kay_place,manny__lo,elaine,Mary,Place,mary_kay_placemanny__loelaine
scarlett_johansson,manny__lo,amanda,Scarlett,Johansson,scarlett_johanssonmanny__loamanda
aleksa_palladino,manny__lo,laurel,Aleksa,Palladino,aleksa_palladinomanny__lolaurel
marlen_hecht,manny__lo,suburban_family,Marlen,Hecht,marlen_hechtmanny__losuburban_family
lisa_campion,manny__lo,convenience_store_clerk,Lisa,Campion,lisa_campionmanny__loconvenience_store_clerk
novella_nelson,manny__lo,georgine,Novella,Nelson,novella_nelsonmanny__logeorgine
susan_decker,manny__lo,baby_store_customer_1,Susan,Decker,susan_deckermanny__lobaby_store_customer_1
marla_zuk,manny__lo,baby_store_customer_2,Marla,Zuk,marla_zukmanny__lobaby_store_customer_2
bonnie_johnson,manny__lo,baby_store_customer_3,Bonnie,Johnson,bonnie_johnsonmanny__lobaby_store_customer_3
melissa_johnson,manny__lo,child,Melissa,Johnson,melissa_johnsonmanny__lochild
angie_phillips,manny__lo,connie,Angie,Phillips,angie_phillipsmanny__loconnie
monica_smith,manny__lo,chuck_s_mom,Monica,Smith,monica_smithmanny__lochuck_s_mom
melanie_johansson,manny__lo,golf_course_family,Melanie,Johansson,melanie_johanssonmanny__logolf_course_family
vanessa_johansson,manny__lo,golf_course_family,Vanessa,Johansson,vanessa_johanssonmanny__logolf_course_family
shelley_dee_green,manny__lo,other_golfer,Shelley,Green,shelley_dee_greenmanny__loother_golfer
felicity_jones,the_theory_of_everything,jane_hawking,Felicity,Jones,felicity_jonesthe_theory_of_everythingjane_hawking
sophie_perry,the_theory_of_everything,lucy_hawking,Sophie,Perry,sophie_perrythe_theory_of_everythinglucy_hawking
alice_orr_ewing,the_theory_of_everything,diana_king,Alice,Ewing,alice_orr_ewingthe_theory_of_everythingdiana_king
karina_arroyave,crash,elizabeth,Karina,Arroyave,karina_arroyavecrashelizabeth
sandra_bullock,crash,jean,Sandra,Bullock,sandra_bullockcrashjean
loretta_devine,crash,shaniqua,Loretta,Devine,loretta_devinecrashshaniqua
jennifer_esposito,crash,ria,Jennifer,Esposito,jennifer_espositocrashria
scarlett_johansson,match_point,nola_rice,Scarlett,Johansson,scarlett_johanssonmatch_pointnola_rice
emily_mortimer,match_point,chloe_hewett_wilton,Emily,Mortimer,emily_mortimermatch_pointchloe_hewett_wilton
penelope_wilton,match_point,eleanor_hewett,Penelope,Wilton,penelope_wiltonmatch_pointeleanor_hewett
rose_keegan,match_point,carol,Rose,Keegan,rose_keeganmatch_pointcarol
miranda_raison,match_point,heather,Miranda,Raison,miranda_raisonmatch_pointheather
zoe_telford,match_point,samantha,Zoe,Telford,zoe_telfordmatch_pointsamantha
scarlett_johansson,my_brother_the_pig,kathy_caldwell,Scarlett,Johansson,scarlett_johanssonmy_brother_the_pigkathy_caldwell
romy_windsor,my_brother_the_pig,dee_dee_caldwell,Romy,Windsor,romy_windsormy_brother_the_pigdee_dee_caldwell
eva_mendes,my_brother_the_pig,matilda,Eva,Mendes,eva_mendesmy_brother_the_pigmatilda
renee_victor,my_brother_the_pig,grandma_berta,Renee,Victor,renee_victormy_brother_the_piggrandma_berta
cambria_gonzalez,my_brother_the_pig,mercedes,Cambria,Gonzalez,cambria_gonzalezmy_brother_the_pigmercedes
nicole_zarate,my_brother_the_pig,annie,Nicole,Zarate,nicole_zaratemy_brother_the_pigannie
siri_baruc,my_brother_the_pig,tourist_girl,Siri,Baruc,siri_barucmy_brother_the_pigtourist_girl
dee_ann_johnston,my_brother_the_pig,tourist_mom,Dee,Johnston,dee_ann_johnstonmy_brother_the_pigtourist_mom
julia_louis_dreyfus,north,north_s_mom,Julia,Dreyfus,julia_louis_dreyfusnorthnorth_s_mom
taylor_fry,north,zoe,Taylor,Fry,taylor_frynorthzoe
alana_austin,north,sarah,Alana,Austin,alana_austinnorthsarah
peg_shirley,north,teacher,Peg,Shirley,peg_shirleynorthteacher
nancy_nichols,north,mom_jones,Nancy,Nichols,nancy_nicholsnorthmom_jones
carmela_rappazzo,north,receptionist,Carmela,Rappazzo,carmela_rappazzonorthreceptionist
rafale_yermazyan,north,austrian_dancer,Rafale,Yermazyan,rafale_yermazyannorthaustrian_dancer
pamela_harley,north,reporter,Pamela,Harley,pamela_harleynorthreporter
colette_bryce,north,reporter,Colette,Bryce,colette_brycenorthreporter
abbe_levin,north,operator,Abbe,Levin,abbe_levinnorthoperator
lola_pashalinski,north,operator,Lola,Pashalinski,lola_pashalinskinorthoperator
kimberly_topper,north,operator,Kimberly,Topper,kimberly_toppernorthoperator
c_c_loveheart,north,operator,C,Loveheart,c_c_loveheartnorthoperator
helen_hanft,north,operator,Helen,Hanft,helen_hanftnorthoperator
carol_honda,north,operator,Carol,Honda,carol_hondanorthoperator
peggy_gormley,north,operator,Peggy,Gormley,peggy_gormleynorthoperator
lillias_white,north,operator,Lillias,White,lillias_whitenorthoperator
reba_mcentire,north,ma_tex,Reba,McEntire,reba_mcentirenorthma_tex
danielle_burgio,north,texas_dancer,Danielle,Burgio,danielle_burgionorthtexas_dancer
carmit_bachar,north,texas_dancer,Carmit,Bachar,carmit_bacharnorthtexas_dancer
krista_buonauro,north,texas_dancer,Krista,Buonauro,krista_buonauronorthtexas_dancer
kelly_cooper,north,texas_dancer,Kelly,Cooper,kelly_coopernorthtexas_dancer
stefanie_roos,north,texas_dancer,Stefanie,Roos,stefanie_roosnorthtexas_dancer
jenifer_strovas,north,texas_dancer,Jenifer,Strovas,jenifer_strovasnorthtexas_dancer
lydia_e_merritt,north,texas_dancer,Lydia,Merritt,lydia_e_merrittnorthtexas_dancer
kelly_shenefiel,north,texas_dancer,Kelly,Shenefiel,kelly_shenefielnorthtexas_dancer
jenifer_panton,north,betty_lou,Jenifer,Panton,jenifer_pantonnorthbetty_lou
lauren_tom,north,mrs_ho,Lauren,Tom,lauren_tomnorthmrs_ho
maud_winchester,north,stewart_s_mom,Maud,Winchester,maud_winchesternorthstewart_s_mom
brynn_hartman,north,waitress,Brynn,Hartman,brynn_hartmannorthwaitress
kathy_bates,north,alaskan_mom,Kathy,Bates,kathy_batesnorthalaskan_mom
caroline_carr,north,eskimo,Caroline,Carr,caroline_carrnortheskimo
eva_larson,north,eskimo,Eva,Larson,eva_larsonnortheskimo
marla_frees,north,d_c_reporter,Marla,Frees,marla_freesnorthd_c_reporter
kelly_mcgillis,north,amish_mom,Kelly,McGillis,kelly_mcgillisnorthamish_mom
rosalind_chao,north,chinese_mom,Rosalind,Chao,rosalind_chaonorthchinese_mom
darwyn_carson,north,african_mom,Darwyn,Carson,darwyn_carsonnorthafrican_mom
lucy_lin,north,female_newscaster,Lucy,Lin,lucy_linnorthfemale_newscaster
faith_ford,north,donna_nelson,Faith,Ford,faith_fordnorthdonna_nelson
scarlett_johansson,north,laura_nelson,Scarlett,Johansson,scarlett_johanssonnorthlaura_nelson
audrey_klebahn,north,secretary,Audrey,Klebahn,audrey_klebahnnorthsecretary
wendle_josepher,north,ticket_agent,Wendle,Josepher,wendle_josephernorthticket_agent
sarah_martineck,north,kid_in_airport,Sarah,Martineck,sarah_martinecknorthkid_in_airport
erika_christensen,the_perfect_score,anna_ross,Erika,Christensen,erika_christensenthe_perfect_scoreanna_ross
scarlett_johansson,the_perfect_score,francesca_curtis,Scarlett,Johansson,scarlett_johanssonthe_perfect_scorefrancesca_curtis
tyra_ferrell,the_perfect_score,desmond_s_mother,Tyra,Ferrell,tyra_ferrellthe_perfect_scoredesmond_s_mother
vanessa_angel,the_perfect_score,anita_donlee,Vanessa,Angel,vanessa_angelthe_perfect_scoreanita_donlee
iris_quinn,the_perfect_score,kyle_s_mother,Iris,Quinn,iris_quinnthe_perfect_scorekyle_s_mother
lorena_gale,the_perfect_score,proctor,Lorena,Gale,lorena_galethe_perfect_scoreproctor
patricia_idlette,the_perfect_score,receptionist,Patricia,Idlette,patricia_idlettethe_perfect_scorereceptionist
lynda_boyd,the_perfect_score,anna_s_mother,Lynda,Boyd,lynda_boydthe_perfect_scoreanna_s_mother
rebecca_reichert,the_perfect_score,tiffany,Rebecca,Reichert,rebecca_reichertthe_perfect_scoretiffany
jessica_may,the_perfect_score,ets_woman,Jessica,May,jessica_maythe_perfect_scoreets_woman
miriam_smith,the_perfect_score,ets_reception,Miriam,Smith,miriam_smiththe_perfect_scoreets_reception
sonja_bennett,the_perfect_score,pregnant_girl,Sonja,Bennett,sonja_bennettthe_perfect_scorepregnant_girl
sarah_afful,the_perfect_score,girl,Sarah,Afful,sarah_affulthe_perfect_scoregirl
jill_talley,the_spongebob_squarepants_movie,karen_the_computer_wife_old_lady,Jill,Talley,jill_talleythe_spongebob_squarepants_moviekaren_the_computer_wife_old_lady
carolyn_lawrence,the_spongebob_squarepants_movie,sandy,Carolyn,Lawrence,carolyn_lawrencethe_spongebob_squarepants_moviesandy
mary_jo_catlett,the_spongebob_squarepants_movie,mrs_puff,Mary,Catlett,mary_jo_catlettthe_spongebob_squarepants_moviemrs_puff
scarlett_johansson,the_spongebob_squarepants_movie,mindy,Scarlett,Johansson,scarlett_johanssonthe_spongebob_squarepants_moviemindy
mageina_tovah,the_spongebob_squarepants_movie,usher,Mageina,Tovah,mageina_tovahthe_spongebob_squarepants_movieusher
sirena_irwin,the_spongebob_squarepants_movie,reporter_driver_ice_cream_lady,Sirena,Irwin,sirena_irwinthe_spongebob_squarepants_moviereporter_driver_ice_cream_lady
lori_alan,the_spongebob_squarepants_movie,pearl,Lori,Alan,lori_alanthe_spongebob_squarepants_moviepearl
scarlett_johansson,scoop,sondra_pransky,Scarlett,Johansson,scarlett_johanssonscoopsondra_pransky
keira_knightley,the_imitation_game,joan_clarke,Keira,Knightley,keira_knightleythe_imitation_gamejoan_clarke
